Cod,Nome,Grande Área
1.00.00.00-3,Ciências Exatas e da Terra,Ciências Exatas e da Terra
1.01.00.00-8,Matemática,Ciências Exatas e da Terra
1.01.01.00-4,Álgebra,Ciências Exatas e da Terra
1.01.01.01-2,Conjuntos,Ciências Exatas e da Terra
1.01.01.02-0,Lógica Matemática,Ciências Exatas e da Terra
1.01.01.03-9,Teoria dos Números,Ciências Exatas e da Terra
1.01.01.04-7,Grupos de Algebra Não-Comutaviva,Ciências Exatas e da Terra
1.01.01.05-5,Algebra Comutativa,Ciências Exatas e da Terra
1.01.01.06-3,Geometria Algebrica,Ciências Exatas e da Terra
1.01.02.00-0,Análise,Ciências Exatas e da Terra
1.01.02.01-9,Análise Complexa,Ciências Exatas e da Terra
1.01.02.02-7,Análise Funcional,Ciências Exatas e da Terra
1.01.02.03-5,Análise Funcional Não-Linear,Ciências Exatas e da Terra
1.01.02.04-3,Equações Diferênciais Ordinárias,Ciências Exatas e da Terra
1.01.02.05-1,Equações Diferênciais Parciais,Ciências Exatas e da Terra
1.01.02.06-0,Equações Diferênciais Funcionais,Ciências Exatas e da Terra
1.01.03.00-7,Geometria e Topologia,Ciências Exatas e da Terra
1.01.03.01-5,Geometria Diferêncial,Ciências Exatas e da Terra
1.01.03.02-3,Topologia Algébrica,Ciências Exatas e da Terra
1.01.03.03-1,Topologia das Variedades,Ciências Exatas e da Terra
1.01.03.04-0,Sistemas Dinâmicos,Ciências Exatas e da Terra
1.01.03.05-8,Teoria das Singularidades e Teoria das Catástrofes,Ciências Exatas e da Terra
1.01.03.06-6,Teoria das Folheações,Ciências Exatas e da Terra
1.01.04.00-3,Matemática Aplicada,Ciências Exatas e da Terra
1.01.04.01-1,Física Matemática,Ciências Exatas e da Terra
1.01.04.02-0,Análise Numérica,Ciências Exatas e da Terra
1.01.04.03-8,Matemática Discreta e Combinatoria,Ciências Exatas e da Terra
1.02.00.00-2,Probabilidade e Estatística,Ciências Exatas e da Terra
1.02.01.00-9,Probabilidade,Ciências Exatas e da Terra
1.02.01.01-7,Teoria Geral e Fundamentos da Probabilidade,Ciências Exatas e da Terra
1.02.01.02-5,Teoria Geral e Processos Estocásticos,Ciências Exatas e da Terra
1.02.01.03-3,Teoremas de Limite,Ciências Exatas e da Terra
1.02.01.04-1,Processos Markovianos,Ciências Exatas e da Terra
1.02.01.05-0,Análise Estocástica,Ciências Exatas e da Terra
1.02.01.06-8,Processos Estocásticos Especiais,Ciências Exatas e da Terra
1.02.02.00-5,Estatística,Ciências Exatas e da Terra
1.02.02.01-3,Fundamentos da Estatística,Ciências Exatas e da Terra
1.02.02.02-1,Inferência Paramétrica,Ciências Exatas e da Terra
1.02.02.03-0,Inferência Nao-Paramétrica,Ciências Exatas e da Terra
1.02.02.04-8,Inferência em Processos Estocásticos,Ciências Exatas e da Terra
1.02.02.05-6,Análise Multivariada,Ciências Exatas e da Terra
1.02.02.06-4,Regressão e Correlação,Ciências Exatas e da Terra
1.02.02.07-2,Planejamento de Experimentos,Ciências Exatas e da Terra
1.02.02.08-0,Análise de Dados,Ciências Exatas e da Terra
1.02.03.00-1,Probabilidade e Estatística Aplicadas,Ciências Exatas e da Terra
1.03.00.00-7,Ciência da Computação,Ciências Exatas e da Terra
1.03.01.00-3,Teoria da Computação,Ciências Exatas e da Terra
1.03.01.01-1,Computabilidade e Modelos de Computação,Ciências Exatas e da Terra
1.03.01.02-0,Linguagem Formais e Automatos,Ciências Exatas e da Terra
1.03.01.03-8,Análise de Algoritmos e Complexidade de Computação,Ciências Exatas e da Terra
1.03.01.04-6,Lógicas e Semântica de Programas,Ciências Exatas e da Terra
1.03.02.00-0,Matemática da Computação,Ciências Exatas e da Terra
1.03.02.01-8,Matemática Simbólica,Ciências Exatas e da Terra
1.03.02.02-6,Modelos Analíticos e de Simulação,Ciências Exatas e da Terra
1.03.03.00-6,Metodologia e Técnicas da Computação,Ciências Exatas e da Terra
1.03.03.01-4,Linguagens de Programação,Ciências Exatas e da Terra
1.03.03.02-2,Engenharia de Software,Ciências Exatas e da Terra
1.03.03.03-0,Banco de Dados,Ciências Exatas e da Terra
1.03.03.04-9,Sistemas de Informação,Ciências Exatas e da Terra
1.03.03.05-7,Processamento Gráfico (Graphics),Ciências Exatas e da Terra
1.03.04.00-2,Sistemas de Computação,Ciências Exatas e da Terra
1.03.04.01-0,Hardware,Ciências Exatas e da Terra
1.03.04.02-9,Arquitetura de Sistemas de Computação,Ciências Exatas e da Terra
1.03.04.03-7,Software Básico,Ciências Exatas e da Terra
1.03.04.04-5,Teleinformática,Ciências Exatas e da Terra
1.04.00.00-1,Astronomia,Ciências Exatas e da Terra
1.04.01.00-8,Astronomia de Posição e Mecânica Celeste,Ciências Exatas e da Terra
1.04.01.01-6,Astronomia Fundamental,Ciências Exatas e da Terra
1.04.01.02-4,Astronomia Dinâmica,Ciências Exatas e da Terra
1.04.02.00-4,Astrofísica Estelar,Ciências Exatas e da Terra
1.04.03.00-0,Astrofísica do Meio Interestelar,Ciências Exatas e da Terra
1.04.03.01-9,Meio Interestelar,Ciências Exatas e da Terra
1.04.03.02-7,Nebulosa,Ciências Exatas e da Terra
1.04.04.00-7,Astrofísica Extragaláctica,Ciências Exatas e da Terra
1.04.04.01-5,Galáxias,Ciências Exatas e da Terra
1.04.04.02-3,Aglomerados de Galáxias,Ciências Exatas e da Terra
1.04.04.03-1,Quasares,Ciências Exatas e da Terra
1.04.04.04-0,Cosmologia,Ciências Exatas e da Terra
1.04.05.00-3,Astrofísica do Sistema Solar,Ciências Exatas e da Terra
1.04.05.01-1,Física Solar,Ciências Exatas e da Terra
1.04.05.02-0,Movimento da Terra,Ciências Exatas e da Terra
1.04.05.03-8,Sistema Planetário,Ciências Exatas e da Terra
1.04.06.00-0,Instrumentação Astronômica,Ciências Exatas e da Terra
1.04.06.01-8,Astronômia Ótica,Ciências Exatas e da Terra
1.04.06.02-6,Radioastronomia,Ciências Exatas e da Terra
1.04.06.03-4,Astronomia Espacial,Ciências Exatas e da Terra
1.04.06.04-2,Processamento de Dados Astronômicos,Ciências Exatas e da Terra
1.05.00.00-6,Física,Ciências Exatas e da Terra
1.05.01.00-2,Física Geral,Ciências Exatas e da Terra
1.05.01.01-0,Métodos Matemáticos da Física,Ciências Exatas e da Terra
1.05.01.02-9,Física Clássica e Física Quântica; Mecânica e Campos,Ciências Exatas e da Terra
1.05.01.03-7,Relatividade e Gravitação,Ciências Exatas e da Terra
1.05.01.04-5,Física Estatística e Termodinâmica,Ciências Exatas e da Terra
1.05.01.05-3,"Metrologia, Técnicas Gerais de Laboratório, Sistema de Instrumentação",Ciências Exatas e da Terra
1.05.01.06-1,Instrumentação Específica de Uso Geral em Física,Ciências Exatas e da Terra
1.05.02.00-9,Áreas Clássicas de Fenomenologia e suas Aplicações,Ciências Exatas e da Terra
1.05.02.01-7,Eletricidade e Magnetismo; Campos e Partículas Carregadas,Ciências Exatas e da Terra
1.05.02.02-5,Ótica,Ciências Exatas e da Terra
1.05.02.03-3,Acústica,Ciências Exatas e da Terra
1.05.02.04-1,Transferência de Calor; Processos Térmicos e Termodinâmicos,Ciências Exatas e da Terra
1.05.02.05-0,"Mecânica, Elasticidade e Reologia",Ciências Exatas e da Terra
1.05.02.06-8,Dinâmica dos Fluidos,Ciências Exatas e da Terra
1.05.03.00-5,Física das Partículas Elementares e Campos,Ciências Exatas e da Terra
1.05.03.01-3,Teoria Geral de Partículas e Campos,Ciências Exatas e da Terra
1.05.03.02-1,Teorias Específicas e Modelos de Interação; Sistematica de Partículas; Raios Cósmicos,Ciências Exatas e da Terra
1.05.03.03-0,Reações Específicas e Fenomiologia de Partículas,Ciências Exatas e da Terra
1.05.03.04-8,Propriedades de Partículas Específicas e Ressonâncias,Ciências Exatas e da Terra
1.05.04.00-1,Física Nuclear,Ciências Exatas e da Terra
1.05.04.01-0,Estrutura Nuclear,Ciências Exatas e da Terra
1.05.04.02-8,Desintegração Nuclear e Radioatividade,Ciências Exatas e da Terra
1.05.04.03-6,Reações Nucleares e Espalhamento Geral,Ciências Exatas e da Terra
1.05.04.04-4,Reações Nucleares e Espalhamento (Reações Específicas),Ciências Exatas e da Terra
1.05.04.05-2,Propriedades de Núcleos Específicos,Ciências Exatas e da Terra
1.05.04.06-0,Métodos Experimentais e Instrumentação para Partículas Elementares e Física Nuclear,Ciências Exatas e da Terra
1.05.05.00-8,Física Atômica e Molécular,Ciências Exatas e da Terra
1.05.05.01-6,Estrutura Eletrônica de Átomos e Moléculas; Teoria,Ciências Exatas e da Terra
1.05.05.02-4,Espectros Atômicos e Integração de Fótons,Ciências Exatas e da Terra
1.05.05.03-2,Espectros Moléculares e Interações de Fótons com Moléculas,Ciências Exatas e da Terra
1.05.05.04-0,Processos de Colisão e Interações de Átomos e Moléculas,Ciências Exatas e da Terra
1.05.05.05-9,Inf.Sobre Átomos e Moléculas Obtidos Experimentalmente;Instrumentação e Técnicas,Ciências Exatas e da Terra
1.05.05.06-7,Estudos de Átomos e Moléculas Especiais,Ciências Exatas e da Terra
1.05.06.00-4,"Física dos Fluidos, Física de Plasmas e Descargas Elétricas",Ciências Exatas e da Terra
1.05.06.01-2,Cinética e Teoria de Transporte de Fluidos; Propriedades Físicas de Gases,Ciências Exatas e da Terra
1.05.06.02-0,Física de Plasmas e Descargas Elétricas,Ciências Exatas e da Terra
1.05.07.00-0,Física da Matéria Condensada,Ciências Exatas e da Terra
1.05.07.01-9,Estrutura de Líquidos e Sólidos; Cristalografia,Ciências Exatas e da Terra
1.05.07.02-7,Propriedades Mecânicas e Acústicas da Matéria Condensada,Ciências Exatas e da Terra
1.05.07.03-5,Dinâmica da Rede e Estatística de Cristais,Ciências Exatas e da Terra
1.05.07.04-3,"Equação de Estado, Equilíbrio de Fases e Transições de Fase",Ciências Exatas e da Terra
1.05.07.05-1,Propriedades Térmicas da Matéria Condensada,Ciências Exatas e da Terra
1.05.07.06-0,Propriedades de Transportes de Matéria Condensada (Não Eletrônicas),Ciências Exatas e da Terra
1.05.07.07-8,"Campos Quânticos e Sólidos, Hélio, Líquido, Sólido",Ciências Exatas e da Terra
1.05.07.08-6,Superfícies e Interfaces; Películas e Filamentos,Ciências Exatas e da Terra
1.05.07.09-4,Estados Eletrônicos,Ciências Exatas e da Terra
1.05.07.10-8,Transp.Eletrônicos e Prop. Elétricas de Superfícies; Interfaces e Películas,Ciências Exatas e da Terra
1.05.07.11-6,Estruturas Eletrônicas e Propriedades Elétricas de Superfícies Interfaces e Películas,Ciências Exatas e da Terra
1.05.07.12-4,Supercondutividade,Ciências Exatas e da Terra
1.05.07.13-2,Materiais Magnéticos e Propriedades Magnéticas,Ciências Exatas e da Terra
1.05.07.14-0,Ressonância Mag.e Relax.Na Mat.Condens;Efeitos Mosbauer;Corr.Ang.Pertubada,Ciências Exatas e da Terra
1.05.07.15-9,Materiais Dielétricos e Propriedades Dielétricas,Ciências Exatas e da Terra
1.05.07.16-7,Prop.Óticas e Espectrosc.da Mat.Condens;Outras Inter.da Mat.Com Rad.e Part.,Ciências Exatas e da Terra
1.05.07.17-5,Emissão Eletrônica e Iônica por Líquidos e Sólidos; Fenômenos de Impacto,Ciências Exatas e da Terra
1.06.00.00-0,Química,Ciências Exatas e da Terra
1.06.01.00-7,Química Orgânica,Ciências Exatas e da Terra
1.06.01.01-5,"Estrutura, Conformação e Estereoquímica",Ciências Exatas e da Terra
1.06.01.02-3,Sintese Orgânica,Ciências Exatas e da Terra
1.06.01.03-1,Fisico-Química Orgânica,Ciências Exatas e da Terra
1.06.01.04-0,Fotoquímica Orgânica,Ciências Exatas e da Terra
1.06.01.05-8,Química dos Produtos Naturais,Ciências Exatas e da Terra
1.06.01.06-6,"Evolução, Sistemática e Ecologia Química",Ciências Exatas e da Terra
1.06.01.07-4,Polimeros e Colóides,Ciências Exatas e da Terra
1.06.02.00-3,Química Inorgânica,Ciências Exatas e da Terra
1.06.02.01-1,Campos de Coordenação,Ciências Exatas e da Terra
1.06.02.02-0,Não-Metais e Seus Compostos,Ciências Exatas e da Terra
1.06.02.03-8,Compostos Organo-Metálicos,Ciências Exatas e da Terra
1.06.02.04-6,Determinação de Estrutura de Compostos Inorgânicos,Ciências Exatas e da Terra
1.06.02.05-4,Foto-Química Inorgânica,Ciências Exatas e da Terra
1.06.02.06-2,Fisico Química Inorgânica,Ciências Exatas e da Terra
1.06.02.07-0,Química Bio-Inorgânica,Ciências Exatas e da Terra
1.06.03.00-0,Fisico-Química,Ciências Exatas e da Terra
1.06.03.01-8,Cinética Química e Catálise,Ciências Exatas e da Terra
1.06.03.02-6,Eletroquímica,Ciências Exatas e da Terra
1.06.03.03-4,Espectroscopia,Ciências Exatas e da Terra
1.06.03.04-2,Química de Interfaces,Ciências Exatas e da Terra
1.06.03.05-0,Química do Estado Condensado,Ciências Exatas e da Terra
1.06.03.06-9,Química Nuclear e Radioquímica,Ciências Exatas e da Terra
1.06.03.07-7,Química Teórica,Ciências Exatas e da Terra
1.06.03.08-5,Termodinâmica Química,Ciências Exatas e da Terra
1.06.04.00-6,Química Analítica,Ciências Exatas e da Terra
1.06.04.01-4,Separação,Ciências Exatas e da Terra
1.06.04.02-2,Métodos Óticos de Análise,Ciências Exatas e da Terra
1.06.04.03-0,Eletroanalítica,Ciências Exatas e da Terra
1.06.04.04-9,Gravimetria,Ciências Exatas e da Terra
1.06.04.05-7,Titimetria,Ciências Exatas e da Terra
1.06.04.06-5,Instrumentação Analítica,Ciências Exatas e da Terra
1.06.04.07-3,Análise de Traços e Química Ambiental,Ciências Exatas e da Terra
1.07.00.00-5,GeoCiências,Ciências Exatas e da Terra
1.07.01.00-1,Geologia,Ciências Exatas e da Terra
1.07.01.01-0,Mineralogia,Ciências Exatas e da Terra
1.07.01.02-8,Petrologia,Ciências Exatas e da Terra
1.07.01.03-6,Geoquímica,Ciências Exatas e da Terra
1.07.01.04-4,Geologia Regional,Ciências Exatas e da Terra
1.07.01.05-2,Geotectônica,Ciências Exatas e da Terra
1.07.01.06-0,Geocronologia,Ciências Exatas e da Terra
1.07.01.07-9,Cartografia Geológica,Ciências Exatas e da Terra
1.07.01.08-7,Metalogenia,Ciências Exatas e da Terra
1.07.01.09-5,Hidrogeologia,Ciências Exatas e da Terra
1.07.01.10-9,Prospecção Mineral,Ciências Exatas e da Terra
1.07.01.11-7,Sedimentologia,Ciências Exatas e da Terra
1.07.01.12-5,Paleontologia Estratigráfica,Ciências Exatas e da Terra
1.07.01.13-3,Estratigrafia,Ciências Exatas e da Terra
1.07.01.14-1,Geologia Ambiental,Ciências Exatas e da Terra
1.07.02.00-8,Geofísica,Ciências Exatas e da Terra
1.07.02.01-6,Geomagnetismo,Ciências Exatas e da Terra
1.07.02.02-4,Sismologia,Ciências Exatas e da Terra
1.07.02.03-2,Geotermia e Fluxo Térmico,Ciências Exatas e da Terra
1.07.02.04-0,Propriedades Físicas das Rochas,Ciências Exatas e da Terra
1.07.02.05-9,Geofísica Nuclear,Ciências Exatas e da Terra
1.07.02.06-7,Sensoriamento Remoto,Ciências Exatas e da Terra
1.07.02.07-5,Aeronomia,Ciências Exatas e da Terra
1.07.02.08-3,Desenvolvimento de Instrumentação Geofísica,Ciências Exatas e da Terra
1.07.02.09-1,Geofísica Aplicada,Ciências Exatas e da Terra
1.07.02.10-5,Gravimetria,Ciências Exatas e da Terra
1.07.03.00-4,Meteorologia,Ciências Exatas e da Terra
1.07.03.01-2,Meteorologia Dinâmica,Ciências Exatas e da Terra
1.07.03.02-0,Meteorologia Sinótica,Ciências Exatas e da Terra
1.07.03.03-9,Meteorologia Física,Ciências Exatas e da Terra
1.07.03.04-7,Química da Atmosfera,Ciências Exatas e da Terra
1.07.03.05-5,Instrumentação Meteorológica,Ciências Exatas e da Terra
1.07.03.06-3,Climatologia,Ciências Exatas e da Terra
1.07.03.07-1,Micrometeorologia,Ciências Exatas e da Terra
1.07.03.08-0,Sensoriamento Remoto da Atmosfera,Ciências Exatas e da Terra
1.07.03.09-8,Meteorologia Aplicada,Ciências Exatas e da Terra
1.07.04.00-0,Geodesia,Ciências Exatas e da Terra
1.07.04.01-9,Geodesia Física,Ciências Exatas e da Terra
1.07.04.02-7,Geodesia Geométrica,Ciências Exatas e da Terra
1.07.04.03-5,Geodesia Celeste,Ciências Exatas e da Terra
1.07.04.04-3,Fotogrametria,Ciências Exatas e da Terra
1.07.04.05-1,Cartografia Básica,Ciências Exatas e da Terra
1.07.05.00-7,Geografia Física,Ciências Exatas e da Terra
1.07.05.01-5,Geomorfologia,Ciências Exatas e da Terra
1.07.05.02-3,Climatologia Geográfica,Ciências Exatas e da Terra
1.07.05.03-1,Pedologia,Ciências Exatas e da Terra
1.07.05.04-0,Hidrogeografia,Ciências Exatas e da Terra
1.07.05.05-8,Geoecologia,Ciências Exatas e da Terra
1.07.05.06-6,Fotogeografia (Físico-Ecológica),Ciências Exatas e da Terra
1.07.05.07-4,Geocartografia,Ciências Exatas e da Terra
1.08.00.00-0,Oceanografia,Ciências Exatas e da Terra
1.08.01.00-6,Oceanografia Biológica,Ciências Exatas e da Terra
1.08.01.01-4,Interação entre os Organismos Marinhos e os Parâmetros Ambientais,Ciências Exatas e da Terra
1.08.02.00-2,Oceanografia Física,Ciências Exatas e da Terra
1.08.02.01-0,Variáveis Físicas da Água do Mar,Ciências Exatas e da Terra
1.08.02.02-9,Movimento da Água do Mar,Ciências Exatas e da Terra
1.08.02.03-7,Origem das Massas de Água,Ciências Exatas e da Terra
1.08.02.04-5,Interação do Oceano com o Leito do Mar,Ciências Exatas e da Terra
1.08.02.05-3,Interação do Oceano com a Atmosfera,Ciências Exatas e da Terra
1.08.03.00-9,Oceanografia Química,Ciências Exatas e da Terra
1.08.03.01-7,Propriedades Químicas da Água do Mar,Ciências Exatas e da Terra
1.08.03.02-5,Interações Químico-Biológicas/Geológicas das Substâncias Químicas da Água do Mar,Ciências Exatas e da Terra
1.08.04.00-5,Oceanografia Geológica,Ciências Exatas e da Terra
1.08.04.01-3,Geomorfologia Submarina,Ciências Exatas e da Terra
1.08.04.02-1,Sedimentologia Marinha,Ciências Exatas e da Terra
1.08.04.03-0,Geofísica Marinha,Ciências Exatas e da Terra
1.08.04.04-8,Geoquímica Marinha,
2.00.00.00-6,Ciências Biológicas,Ciências Biológicas
2.01.00.00-0,Biologia Geral,Ciências Biológicas
2.02.00.00-5,Genética,Ciências Biológicas
2.02.01.00-1,Genética Quantitativa,Ciências Biológicas
2.02.02.00-8,Genética Molecular e de Microorganismos,Ciências Biológicas
2.02.03.00-4,Genética Vegetal,Ciências Biológicas
2.02.04.00-0,Genética Animal,Ciências Biológicas
2.02.05.00-7,Genética Humana e Médica,Ciências Biológicas
2.02.06.00-3,Mutagênese,Ciências Biológicas
2.03.00.00-0,Botânica,Ciências Biológicas
2.03.01.00-6,Paleobotânica,Ciências Biológicas
2.03.02.00-2,Morfologia Vegetal,Ciências Biológicas
2.03.02.01-0,Morfologia Externa,Ciências Biológicas
2.03.02.02-9,Citologia Vegetal,Ciências Biológicas
2.03.02.03-7,Anatomia Vegetal,Ciências Biológicas
2.03.02.04-5,Palinologia,Ciências Biológicas
2.03.03.00-9,Fisiologia Vegetal,Ciências Biológicas
2.03.03.01-7,Nutrição e Crescimento Vegetal,Ciências Biológicas
2.03.03.02-5,Reprodução Vegetal,Ciências Biológicas
2.03.03.03-3,Ecofisiologia Vegetal,Ciências Biológicas
2.03.04.00-5,Taxonomia Vegetal,Ciências Biológicas
2.03.04.01-3,Taxonomia de Criptógamos,Ciências Biológicas
2.03.04.02-1,Taxonomia de Fanerógamos,Ciências Biológicas
2.03.05.00-1,Fitogeografia,Ciências Biológicas
2.03.06.00-8,Botânica Aplicada,Ciências Biológicas
2.04.00.00-4,Zoologia,Ciências Biológicas
2.04.01.00-0,Paleozoologia,Ciências Biológicas
2.04.02.00-7,Morfologia dos Grupos Recentes,Ciências Biológicas
2.04.03.00-3,Fisiologia dos Grupos Recentes,Ciências Biológicas
2.04.04.00-0,Comportamento Animal,Ciências Biológicas
2.04.05.00-6,Taxonomia dos Grupos Recentes,Ciências Biológicas
2.04.06.00-2,Zoologia Aplicada,Ciências Biológicas
2.04.06.01-0,Conservação das Espécies Animais,Ciências Biológicas
2.04.06.02-9,Utilização dos Animais,Ciências Biológicas
2.04.06.03-7,Controle Populacional de Animais,Ciências Biológicas
2.05.00.00-9,Ecologia,Ciências Biológicas
2.05.01.00-5,Ecologia Teórica,Ciências Biológicas
2.05.02.00-1,Ecologia de Ecossistemas,Ciências Biológicas
2.05.03.00-8,Ecologia Aplicada,Ciências Biológicas
2.06.00.00-3,Morfologia,Ciências Biológicas
2.06.01.00-0,Citologia e Biologia Celular,Ciências Biológicas
2.06.02.00-6,Embriologia,Ciências Biológicas
2.06.03.00-2,Histologia,Ciências Biológicas
2.06.04.00-9,Anatomia,Ciências Biológicas
2.06.04.01-7,Anatomia Humana,Ciências Biológicas
2.06.04.02-5,Anatomia Animal,Ciências Biológicas
2.07.00.00-8,Fisiologia,Ciências Biológicas
2.07.01.00-4,Fisiologia Geral,Ciências Biológicas
2.07.02.00-0,Fisiologia de Órgaos e Sistemas,Ciências Biológicas
2.07.02.01-9,Neurofisiologia,Ciências Biológicas
2.07.02.02-7,Fisiologia Cardiovascular,Ciências Biológicas
2.07.02.03-5,Fisiologia da Respiração,Ciências Biológicas
2.07.02.04-3,Fisiologia Renal,Ciências Biológicas
2.07.02.05-1,Fisiologia Endocrina,Ciências Biológicas
2.07.02.06-0,Fisiologia da Digestão,Ciências Biológicas
2.07.02.07-8,Cinesiologia,Ciências Biológicas
2.07.03.00-7,Fisiologia do Esforço,Ciências Biológicas
2.07.04.00-3,Fisiologia Comparada,Ciências Biológicas
2.08.00.00-2,Bioquímica,Ciências Biológicas
2.08.01.00-9,Química de Macromoléculas,Ciências Biológicas
2.08.01.01-7,Proteínas,Ciências Biológicas
2.08.01.02-5,Lipídeos,Ciências Biológicas
2.08.01.03-3,Glicídeos,Ciências Biológicas
2.08.02.00-5,Bioquímica dos Microorganismos,Ciências Biológicas
2.08.03.00-1,Metabolismo e Bioenergética,Ciências Biológicas
2.08.04.00-8,Biologia Molecular,Ciências Biológicas
2.08.05.00-4,Enzimologia,Ciências Biológicas
2.09.00.00-7,Biofísica,Ciências Biológicas
2.09.01.00-3,Biofísica Molecular,Ciências Biológicas
2.09.02.00-0,Biofísica Celular,Ciências Biológicas
2.09.03.00-6,Biofísica de Processos e Sistemas,Ciências Biológicas
2.09.04.00-2,Radiologia e Fotobiologia,Ciências Biológicas
2.10.00.00-0,Farmacologia,Ciências Biológicas
2.10.01.00-6,Farmacologia Geral,Ciências Biológicas
2.10.01.01-4,Farmacocinética,Ciências Biológicas
2.10.01.02-2,Biodisponibilidade,Ciências Biológicas
2.10.02.00-2,Farmacologia Autonômica,Ciências Biológicas
2.10.03.00-9,Neuropsicofarmacologia,Ciências Biológicas
2.10.04.00-5,Farmacologia Cardiorenal,Ciências Biológicas
2.10.05.00-1,Farmacologia Bioquímica e Molecular,Ciências Biológicas
2.10.06.00-8,Etnofarmacologia,Ciências Biológicas
2.10.07.00-4,Toxicologia,Ciências Biológicas
2.10.08.00-0,Farmacologia Clínica,Ciências Biológicas
2.11.00.00-4,Imunologia,Ciências Biológicas
2.11.01.00-0,Imunoquímica,Ciências Biológicas
2.11.02.00-7,Imunologia Celular,Ciências Biológicas
2.11.03.00-3,Imunogenética,Ciências Biológicas
2.11.04.00-0,Imunologia Aplicada,Ciências Biológicas
2.12.00.00-9,Microbiologia,Ciências Biológicas
2.12.01.00-5,Biologia e Fisiologia dos Microorganismos,Ciências Biológicas
2.12.01.01-3,Virologia,Ciências Biológicas
2.12.01.02-1,Bacterologia,Ciências Biológicas
2.12.01.03-0,Micologia,Ciências Biológicas
2.12.02.00-1,Microbiologia Aplicada,Ciências Biológicas
2.12.02.01-0,Microbiologia Médica,Ciências Biológicas
2.12.02.02-8,Microbiologia Industrial e de Fermentação,Ciências Biológicas
2.13.00.00-3,Parasitologia,Ciências Biológicas
2.13.01.00-0,Protozoologia de Parasitos,Ciências Biológicas
2.13.01.01-8,Protozoologia Parasitária Humana,Ciências Biológicas
2.13.01.02-6,Protozoologia Parasitária Animal,Ciências Biológicas
2.13.02.00-6,Helmintologia de Parasitos,Ciências Biológicas
2.13.02.01-4,Helmintologia Humana,Ciências Biológicas
2.13.02.02-2,Helmintologia Animal,Ciências Biológicas
2.13.03.00-2,Entomologia e Malacologia de Parasitos e Vetores,Ciências Biológicas
3.00.00.00-9,Engenharias,Engenharias
3.01.00.00-3,Engenharia Civil,Engenharias
3.01.01.00-0,Construção Civil,Engenharias
3.01.01.01-8,Materiais e Componentes de Construção,Engenharias
3.01.01.02-6,Processos Construtivos,Engenharias
3.01.01.03-4,Instalações Prediais,Engenharias
3.01.02.00-6,Estruturas,Engenharias
3.01.02.01-4,Estruturas de Concreto,Engenharias
3.01.02.02-2,Estruturas de Madeiras,Engenharias
3.01.02.03-0,Estruturas Metálicas,Engenharias
3.01.02.04-9,Mecânica das Estruturas,Engenharias
3.01.03.00-2,Geotécnica,Engenharias
3.01.03.01-0,Fundações e Escavações,Engenharias
3.01.03.02-9,Mecânicas das Rochas,Engenharias
3.01.03.03-7,Mecânicas dos Solos,Engenharias
3.01.03.04-5,Obras de Terra e Enrocamento,Engenharias
3.01.03.05-3,Pavimentos,Engenharias
3.01.04.00-9,Engenharia Hidráulica,Engenharias
3.01.04.01-7,Hidráulica,Engenharias
3.01.04.02-5,Hidrologia,Engenharias
3.01.05.00-5,Infra-Estrutura de Transportes,Engenharias
3.01.05.01-3,Aeroportos; Projeto e Construção,Engenharias
3.01.05.02-1,Ferrovias; Projetos e Construção,Engenharias
3.01.05.03-0,Portos e Vias Nevegáveis; Projeto e Construção,Engenharias
3.01.05.04-8,Rodovias; Projeto e Construção,Engenharias
3.02.00.00-8,Engenharia de Minas,Engenharias
3.02.01.00-4,Pesquisa Mineral,Engenharias
3.02.01.01-2,Caracterização do Minério,Engenharias
3.02.01.02-0,Dimensionamento de Jazidas,Engenharias
3.02.02.00-0,Lavra,Engenharias
3.02.02.01-9,Lavra a Céu Aberto,Engenharias
3.02.02.02-7,Lavra de Mina Subterrânea,Engenharias
3.02.02.03-5,Equipamentos de Lavra,Engenharias
3.02.03.00-7,Tratamento de Minérios,Engenharias
3.02.03.01-5,Métodos de Concentração e Enriquecimento de Minérios,Engenharias
3.02.03.02-3,Equipamentos de Beneficiamento de Minérios,Engenharias
3.03.00.00-2,Engenharia de Materiais e Metalúrgica,Engenharias
3.03.01.00-9,Instalações e Equipamentos Metalúrgicos,Engenharias
3.03.01.01-7,Instalações Metalúrgicas,Engenharias
3.03.01.02-5,Equipamentos Metalúrgicos,Engenharias
3.03.02.00-5,Metalurgia Extrativa,Engenharias
3.03.02.01-3,Aglomeração,Engenharias
3.03.02.02-1,Eletrometalurgia,Engenharias
3.03.02.03-0,Hidrometalurgia,Engenharias
3.03.02.04-8,Pirometalurgia,Engenharias
3.03.02.05-6,Tratamento de Minérios,Engenharias
3.03.03.00-1,Metalurgia de Transformação,Engenharias
3.03.03.01-0,Conformação Mecânica,Engenharias
3.03.03.02-8,Fundição,Engenharias
3.03.03.03-6,Metalurgia de Po,Engenharias
3.03.03.04-4,Recobrimentos,Engenharias
3.03.03.05-2,Soldagem,Engenharias
3.03.03.06-0,"Tratamento Térmicos, Mecânicos e Químicos",Engenharias
3.03.03.07-9,Usinagem,Engenharias
3.03.04.00-8,Metalurgia Fisica,Engenharias
3.03.04.01-6,Estrutura dos Metais e Ligas,Engenharias
3.03.04.02-4,Propriedades Físicas dos Metais e Ligas,Engenharias
3.03.04.03-2,Propriedades Mecânicas dos Metais e Ligas,Engenharias
3.03.04.04-0,Transformação de Fases,Engenharias
3.03.04.05-9,Corrosão,Engenharias
3.03.05.00-4,Materiais não Metálicos,Engenharias
3.03.05.01-2,Extração e Transformação de Materiais,Engenharias
3.03.05.02-0,Cerâmicos,Engenharias
3.03.05.03-9,Materiais Conjugados não Metálicos,Engenharias
3.03.05.04-7,"Polímeros, Aplicações",Engenharias
3.04.00.00-7,Engenharia Elétrica,Engenharias
3.04.01.00-3,Materiais Elétricos,Engenharias
3.04.01.01-1,Materiais Condutores,Engenharias
3.04.01.02-0,Materiais e Componentes Semicondutores,Engenharias
3.04.01.03-8,Materiais e Dispositivos Supercondutores,Engenharias
3.04.01.04-6,"Materiais Dielétricos, Piesoelétricos e Ferroelétricos",Engenharias
3.04.01.05-4,"Materiais e Componentes Eletroóticos e Magnetoóticos, Materiais Fotoelétricos",Engenharias
3.04.01.06-2,Materiais e Dispositivos Magnéticos,Engenharias
3.04.02.00-0,"Medidas Elétricas, Magnéticas e Eletrônicas; Instrumentação",Engenharias
3.04.02.01-8,Medidas Elétricas,Engenharias
3.04.02.02-6,Medidas Magnéticas,Engenharias
3.04.02.03-4,Instrumentação Eletromecânica,Engenharias
3.04.02.04-2,Instrumentação Eletrônica,Engenharias
3.04.02.05-0,Sistemas Eletrônicos de Medida e de Controle,Engenharias
3.04.03.00-6,"Circuitos Elétricos, Magnéticos e Eletrônicos",Engenharias
3.04.03.01-4,Teoria Geral dos Circuitos Elétricos,Engenharias
3.04.03.02-2,Circuitos Lineares e Não-Lineares,Engenharias
3.04.03.03-0,Circuitos Eletrônicos,Engenharias
3.04.03.04-9,"Circuitos Magnéticos, Magnetismos, Eletromagnetismo",Engenharias
3.04.04.00-2,Sistemas Elétricos de Potência,Engenharias
3.04.04.01-0,Geração da Energia Elétrica,Engenharias
3.04.04.02-9,"Transmissão da Energia Elétrica, Distribuição da Energia Elétrica",Engenharias
3.04.04.03-7,Conversão e Retificação da Energia Elétrica,Engenharias
3.04.04.04-5,"Medição, Controle, Correção e Proteção de Sistemas Elétricos de Potência",Engenharias
3.04.04.05-3,Máquinas Elétricas e Dispositivos de Potência,Engenharias
3.04.04.06-1,Instalações Elétricas Prediais e Industriais,Engenharias
3.04.05.00-9,"Eletrônica Industrial, Sistemas e Controles Eletrônicos",Engenharias
3.04.05.01-7,Eletrônica Industrial,Engenharias
3.04.05.02-5,Automação Eletrônica de Processos Elétricos e Industriais,Engenharias
3.04.05.03-3,"Controle de Processos Eletrônicos, Retroalimentação",Engenharias
3.04.06.00-5,Telecomunicações,Engenharias
3.04.06.01-3,"Teoria Eletromagnética, Microondas, Propagação de Ondas, Antenas",Engenharias
3.04.06.02-1,Radionavegação e Radioastronomia,Engenharias
3.04.06.03-0,Sistemas de Telecomunicações,Engenharias
3.05.00.00-1,Engenharia Mecânica,Engenharias
3.05.01.00-8,Fenômenos de Transporte,Engenharias
3.05.01.01-6,Transferência de Calor,Engenharias
3.05.01.02-4,Mecânica dos Fluidos,Engenharias
3.05.01.03-2,Dinâmica dos Gases,Engenharias
3.05.01.04-0,Principios Variacionais e Métodos Numéricos,Engenharias
3.05.02.00-4,Engenharia Térmica,Engenharias
3.05.02.01-2,Termodinâmica,Engenharias
3.05.02.02-0,Controle Ambiental,Engenharias
3.05.02.03-9,Aproveitamento da Energia,Engenharias
3.05.03.00-0,Mecânica dos Sólidos,Engenharias
3.05.03.01-9,"Mecânica dos Corpos Sólidos, Elásticos e Plásticos",Engenharias
3.05.03.02-7,"Dinâmica dos Corpos Rígidos, Elásticos e Plásticos",Engenharias
3.05.03.03-5,Análise de Tensões,Engenharias
3.05.03.04-3,Termoelasticidade,Engenharias
3.05.04.00-7,Projetos de Máquinas,Engenharias
3.05.04.01-5,Teoria dos Mecanismos,Engenharias
3.05.04.02-3,Estática e Dinâmica Aplicada,Engenharias
3.05.04.03-1,Elementos de Máquinas,Engenharias
3.05.04.04-0,Fundamentos Gerais de Projetos das Máquinas,Engenharias
3.05.04.05-8,"Máquinas, Motores e Equipamentos",Engenharias
3.05.04.06-6,Métodos de Síntese e Otimização Aplicados ao Projeto Mecânico,Engenharias
3.05.04.07-4,Controle de Sistemas Mecânicos,Engenharias
3.05.04.08-2,Aproveitamento de Energia,Engenharias
3.05.05.00-3,Processos de Fabricação,Engenharias
3.05.05.01-1,Matrizes e Ferramentas,Engenharias
3.05.05.02-0,Máquinas de Usinagem e Conformação,Engenharias
3.05.05.03-8,Controle Numérico,Engenharias
3.05.05.04-6,Robotização,Engenharias
3.05.05.05-4,"Processos de Fabricação, Seleção Econômica",Engenharias
3.06.00.00-6,Engenharia Química,Engenharias
3.06.01.00-2,Processos Industriais de Engenharia Química,Engenharias
3.06.01.01-0,Processos Bioquimicos,Engenharias
3.06.01.02-9,Processos Orgânicos,Engenharias
3.06.01.03-7,Processos Inorgânicos,Engenharias
3.06.02.00-9,Operações Industriais e Equipamentos para Engenharia Química,Engenharias
3.06.02.01-7,Reatores Químicos,Engenharias
3.06.02.02-5,Operações Características de Processos Bioquímicos,Engenharias
3.06.02.03-3,Operações de Separação e Mistura,Engenharias
3.06.03.00-5,Tecnologia Química,Engenharias
3.06.03.01-3,Balancos Globais de Matéria e Energia,Engenharias
3.06.03.02-1,Água,Engenharias
3.06.03.03-0,Álcool,Engenharias
3.06.03.04-8,Alimentos,Engenharias
3.06.03.05-6,Borrachas,Engenharias
3.06.03.06-4,Carvão,Engenharias
3.06.03.07-2,Cerâmica,Engenharias
3.06.03.08-0,Cimento,Engenharias
3.06.03.09-9,Couro,Engenharias
3.06.03.10-2,Detergentes,Engenharias
3.06.03.11-0,Fertilizantes,Engenharias
3.06.03.12-9,Medicamentos,Engenharias
3.06.03.13-7,Metais não-Ferrosos,Engenharias
3.06.03.14-5,Óleos,Engenharias
3.06.03.15-3,Papel e Celulose,Engenharias
3.06.03.16-1,Petróleo e Petroquímica,Engenharias
3.06.03.17-0,Polímeros,Engenharias
3.06.03.18-8,Produtos Naturais,Engenharias
3.06.03.19-6,Têxteis,Engenharias
3.06.03.20-0,Tratamentos e Aproveitamento de Rejeitos,Engenharias
3.06.03.21-8,Xisto,Engenharias
3.07.00.00-0,Engenharia Sanitária,Engenharias
3.07.01.00-7,Recursos Hídricos,Engenharias
3.07.01.01-5,Planejamento Integrado dos Recursos Hídricos,Engenharias
3.07.01.02-3,Tecnologia e Problemas Sanitários de Irrigação,Engenharias
3.07.01.03-1,Águas Subterrâneas e Poços Profundos,Engenharias
3.07.01.04-0,Controle de Enchentes e de Barragens,Engenharias
3.07.01.05-8,Sedimentologia,Engenharias
3.07.02.00-3,Tratamento de Águas de Abastecimento e Residuárias,Engenharias
3.07.02.01-1,Química Sanitária,Engenharias
3.07.02.02-0,Processos Simplificados de Tratamento de Águas,Engenharias
3.07.02.03-8,Técnicas Convencionais de Tratamento de Águas,Engenharias
3.07.02.04-6,Técnicas Avancadas de Tratamento de Águas,Engenharias
3.07.02.05-4,Estudos e Caracterização de Efluentes Industriais,Engenharias
3.07.02.06-2,Lay Out de Processos Industriais,Engenharias
3.07.02.07-0,Resíduos Radioativos,Engenharias
3.07.03.00-0,Saneamento Básico,Engenharias
3.07.03.01-8,Técnicas de Abastecimento da Água,Engenharias
3.07.03.02-6,Drenagem de Águas Residuárias,Engenharias
3.07.03.03-4,Drenagem Urbana de Águas Pluviais,Engenharias
3.07.03.04-2,"Resíduos Sólidos, Domésticos e Industriais",Engenharias
3.07.03.05-0,Limpeza Pública,Engenharias
3.07.03.06-9,Instalações Hidráulico-Sanitárias,Engenharias
3.07.04.00-6,Saneamento Ambiental,Engenharias
3.07.04.01-4,Ecologia Aplicada à Engenharia Sanitária,Engenharias
3.07.04.02-2,Microbiologia Aplicada e Engenharia Sanitária,Engenharias
3.07.04.03-0,Parasitologia Aplicada à Engenharia Sanitária,Engenharias
3.07.04.04-9,"Qualidade do Ar, das Águas e do Solo",Engenharias
3.07.04.05-7,Controle da Poluição,Engenharias
3.07.04.06-5,Legislação Ambiental,Engenharias
3.08.00.00-5,Engenharia de Produção,Engenharias
3.08.01.00-1,Gerência de Produção,Engenharias
3.08.01.01-0,Planejamento de Instalações Industriais,Engenharias
3.08.01.02-8,"Planejamento, Projeto e Controle de Sistemas de Produção",Engenharias
3.08.01.03-6,Higiene e Segurança do Trabalho,Engenharias
3.08.01.04-4,Suprimentos,Engenharias
3.08.01.05-2,Garantia de Controle de Qualidade,Engenharias
3.08.02.00-8,Pesquisa Operacional,Engenharias
3.08.02.01-6,Processos Estocásticos e Teorias da Filas,Engenharias
3.08.02.02-4,"Programação Linear, Não-Linear, Mista e Dinâmica",Engenharias
3.08.02.03-2,Séries Temporais,Engenharias
3.08.02.04-0,Teoria dos Grafos,Engenharias
3.08.02.05-9,Teoria dos Jogos,Engenharias
3.08.03.00-4,Engenharia do Produto,Engenharias
3.08.03.01-2,Ergonomia,Engenharias
3.08.03.02-0,Metodologia de Projeto do Produto,Engenharias
3.08.03.03-9,Processos de Trabalho,Engenharias
3.08.03.04-7,Gerência do Projeto e do Produto,Engenharias
3.08.03.05-5,Desenvolvimento de Produto,Engenharias
3.08.04.00-0,Engenharia Econômica,Engenharias
3.08.04.01-9,Estudo de Mercado,Engenharias
3.08.04.02-7,Localização Industrial,Engenharias
3.08.04.03-5,Análise de Custos,Engenharias
3.08.04.04-3,Economia de Tecnologia,Engenharias
3.08.04.05-1,Vida Econômica dos Equipamentos,Engenharias
3.08.04.06-0,Avaliação de Projetos,Engenharias
3.09.00.00-0,Engenharia Nuclear,Engenharias
3.09.01.00-6,Aplicações de Radioisotopos,Engenharias
3.09.01.01-4,Produção de Radioisotopos,Engenharias
3.09.01.02-2,Aplicações Industriais de Radioisotopos,Engenharias
3.09.01.03-0,Instrumentação para Medida e Controle de Radiação,Engenharias
3.09.02.00-2,Fusão Controlada,Engenharias
3.09.02.01-0,Processos Industriais da Fusão Controlada,Engenharias
3.09.02.02-9,Problemas Tecnológicos da Fusão Controlada,Engenharias
3.09.03.00-9,Combustível Nuclear,Engenharias
3.09.03.01-7,Extração de Combustível Nuclear,Engenharias
3.09.03.02-5,"Conversão, Enriquecimento e Fabricação de Combustível Nuclear",Engenharias
3.09.03.03-3,Reprocessamento de Combustível Nuclear,Engenharias
3.09.03.04-1,Rejeitos de Combustível Nuclear,Engenharias
3.09.04.00-5,Tecnologia dos Reatores,Engenharias
3.09.04.01-3,Núcleo do Reator,Engenharias
3.09.04.02-1,Materiais Nucleares e Blindagem de Reatores,Engenharias
3.09.04.03-0,Transferência de Calor em Reatores,Engenharias
3.09.04.04-8,Geração e Integração Com Sistemas Elétricos em Reatores,Engenharias
3.09.04.05-6,Instrumentação Para Operação e Controle de Reatores,Engenharias
3.09.04.06-4,"Seguranca, Localização e Licênciamento de Reatores",Engenharias
3.09.04.07-2,Aspectos Econômicos de Reatores,Engenharias
3.10.00.00-2,Engenharia de Transportes,Engenharias
3.10.01.00-9,Planejamento de Transportes,Engenharias
3.10.01.01-7,Planejamento e Organização do Sistema de Transporte,Engenharias
3.10.01.02-5,Economia dos Transportes,Engenharias
3.10.02.00-5,Veículos e Equipamentos de Controle,Engenharias
3.10.02.01-3,Vias de Transporte,Engenharias
3.10.02.02-1,Veículos de Transportes,Engenharias
3.10.02.03-0,Estação de Transporte,Engenharias
3.10.02.04-8,Equipamentos Auxiliares e Controles,Engenharias
3.10.03.00-1,Operações de Transportes,Engenharias
3.10.03.01-0,Engenharia de Tráfego,Engenharias
3.10.03.02-8,Capacidade de Vias de Transporte,Engenharias
3.10.03.03-6,Operação de Sistemas de Transporte,Engenharias
3.11.00.00-7,Engenharia Naval e Oceânica,Engenharias
3.11.01.00-3,Hidrodinâmica de Navios e Sistemas Oceânicos,Engenharias
3.11.01.01-1,Resistência Hidrodinâmica,Engenharias
3.11.01.02-0,Propulsão de Navios,Engenharias
3.11.02.00-0,Estruturas Navais e Oceânicas,Engenharias
3.11.02.01-8,Análise Teórica e Experimental de Estrutura,Engenharias
3.11.02.02-6,Dinâmica Estrutural Naval e Oceânica,Engenharias
3.11.02.03-4,Síntese Estrutural Naval e Oceânica,Engenharias
3.11.03.00-6,Máquinas Marítimas,Engenharias
3.11.03.01-4,Análise de Sistemas Propulsores,Engenharias
3.11.03.02-2,Controle e Automação de Sistemas Propulsores,Engenharias
3.11.03.03-0,Equipamentos Auxiliares do Sistema Propulsivo,Engenharias
3.11.03.04-9,Motor de Propulsão,Engenharias
3.11.04.00-2,Projeto de Navios e de Sistemas Oceânicos,Engenharias
3.11.04.01-0,Projetos de Navios,Engenharias
3.11.04.02-9,Projetos de Sistemas Oceânicos Fixos e Semi-Fixos,Engenharias
3.11.04.03-7,Projetos de Embarcações Não-Convencionais,Engenharias
3.11.05.00-9,Tecnologia de Construção Naval e de Sistemas Oceânicas,Engenharias
3.11.05.01-7,Métodos de Fabricação de Navios e Sistemas Oceânicos,Engenharias
3.11.05.02-5,Soldagem de Estruturas Navais e Oceânicos,Engenharias
3.11.05.03-3,Custos de Construção Naval,Engenharias
3.11.05.04-1,Normatização e Certificação de Qualidade de Navios,Engenharias
3.12.00.00-1,Engenharia Aeroespacial,Engenharias
3.12.01.00-8,Aerodinâmica,Engenharias
3.12.01.01-6,Aerodinâmica de Aeronaves Espaciais,Engenharias
3.12.01.02-4,Aerodinâmica dos Processos Geofísicos e Interplanetarios,Engenharias
3.12.02.00-4,Dinâmica de Vôo,Engenharias
3.12.02.01-2,Trajetorias e Orbitas,Engenharias
3.12.02.02-0,Estabilidade e Controle,Engenharias
3.12.03.00-0,Estruturas Aeroespaciais,Engenharias
3.12.03.01-9,Aeroelasticidade,Engenharias
3.12.03.02-7,Fadiga,Engenharias
3.12.03.03-5,Projeto de Estruturas Aeroespaciais,Engenharias
3.12.04.00-7,Materiais e Processos para Engenharia Aeronáutica e Aeroespacial,Engenharias
3.12.05.00-3,Propulsão Aeroespacial,Engenharias
3.12.05.01-1,Combustão e Escoamento com Reações Químicas,Engenharias
3.12.05.02-0,Propulsão de Foguetes,Engenharias
3.12.05.03-8,Máquinas de Fluxo,Engenharias
3.12.05.04-6,Motores Alternativos,Engenharias
3.12.06.00-0,Sistemas Aeroespaciais,Engenharias
3.12.06.01-8,Aviões,Engenharias
3.12.06.02-6,Foguetes,Engenharias
3.12.06.03-4,Helicópteros,Engenharias
3.12.06.04-2,Hovercraft,Engenharias
3.12.06.05-0,Satélites e Outros Dispositivos Aeroespaciais,Engenharias
3.12.06.06-9,Normatização e Certificação de Qualidade de Aeronaves e Componentes,Engenharias
3.12.06.07-7,Manutenção de Sistemas Aeroespaciais,Engenharias
3.13.00.00-6,Engenharia Biomédica,Engenharias
3.13.01.00-2,Bioengenharia,Engenharias
3.13.01.01-0,Processamento de Sinais Biológicos,Engenharias
3.13.01.02-9,Modelagem de Fenomenos Biológicos,Engenharias
3.13.01.03-7,Modelagem de Sistemas Biológicos,Engenharias
3.13.02.00-9,Engenharia Médica,Engenharias
3.13.02.01-7,Biomateriais e Materiais Biocompatíveis,Engenharias
3.13.02.02-5,Transdutores para Aplicações Biomédicas,Engenharias
3.13.02.03-3,Instrumentação Odontológica e Médico-Hospitalar,Engenharias
3.13.02.04-1,Tecnologia de Próteses,Engenharias
4.00.00.00-1,Ciências da Saúde,Ciências da Saúde
4.01.00.00-6,Medicina,Ciências da Saúde
4.01.01.00-2,Clínica Médica,Ciências da Saúde
4.01.01.01-0,Angiologia,Ciências da Saúde
4.01.01.02-9,Dermatologia,Ciências da Saúde
4.01.01.03-7,Alergologia e Imunologia Clínica,Ciências da Saúde
4.01.01.04-5,Cancerologia,Ciências da Saúde
4.01.01.05-3,Hematologia,Ciências da Saúde
4.01.01.06-1,Endocrinologia,Ciências da Saúde
4.01.01.07-0,Neurologia,Ciências da Saúde
4.01.01.08-8,Pediatria,Ciências da Saúde
4.01.01.09-6,Doenças Infecciosas e Parasitárias,Ciências da Saúde
4.01.01.10-0,Cardiologia,Ciências da Saúde
4.01.01.11-8,Gastroenterologia,Ciências da Saúde
4.01.01.12-6,Pneumologia,Ciências da Saúde
4.01.01.13-4,Nefrologia,Ciências da Saúde
4.01.01.14-2,Reumatologia,Ciências da Saúde
4.01.01.15-0,Ginecologia e Obstetrícia,Ciências da Saúde
4.01.01.16-9,Fisiatria,Ciências da Saúde
4.01.01.17-7,Oftalmologia,Ciências da Saúde
4.01.01.18-6,Ortopedia,Ciências da Saúde
4.01.02.00-9,Cirurgia,Ciências da Saúde
4.01.02.01-7,Cirurgia Plástica e Restauradora,Ciências da Saúde
4.01.02.02-5,Cirurgia Otorrinolaringológica,Ciências da Saúde
4.01.02.03-3,Cirurgia Oftalmológica,Ciências da Saúde
4.01.02.04-1,Cirurgia Cardiovascular,Ciências da Saúde
4.01.02.05-0,Cirurgia Toráxica,Ciências da Saúde
4.01.02.06-8,Cirurgia Gastroenterologia,Ciências da Saúde
4.01.02.07-6,Cirurgia Pediátrica,Ciências da Saúde
4.01.02.08-4,Neurocirurgia,Ciências da Saúde
4.01.02.09-2,Cirurgia Urológica,Ciências da Saúde
4.01.02.10-6,Cirurgia Proctológica,Ciências da Saúde
4.01.02.11-4,Cirurgia Ortopédica,Ciências da Saúde
4.01.02.12-2,Cirurgia Traumatológica,Ciências da Saúde
4.01.02.13-0,Anestesiologia,Ciências da Saúde
4.01.02.14-9,Cirurgia Experimental,Ciências da Saúde
4.01.03.00-5,Saúde Materno-Infantil,Ciências da Saúde
4.01.04.00-1,Psiquiatria,Ciências da Saúde
4.01.05.00-8,Anatomia Patológica e Patologia Clínica,Ciências da Saúde
4.01.06.00-4,Radiologia Médica,Ciências da Saúde
4.01.07.00-0,Medicina Legal e Deontologia,Ciências da Saúde
4.02.00.00-0,Odontologia,Ciências da Saúde
4.02.01.00-7,Clínica Odontológica,Ciências da Saúde
4.02.02.00-3,Cirurgia Buco-Maxilo-Facial,Ciências da Saúde
4.02.03.00-0,Ortodontia,Ciências da Saúde
4.02.04.00-6,Odontopediatria,Ciências da Saúde
4.02.05.00-2,Periodontia,Ciências da Saúde
4.02.06.00-9,Endodontia,Ciências da Saúde
4.02.07.00-5,Radiologia Odontológica,Ciências da Saúde
4.02.08.00-1,Odontologia Social e Preventiva,Ciências da Saúde
4.02.09.00-8,Materiais Odontológicos,Ciências da Saúde
4.03.00.00-5,Farmácia,Ciências da Saúde
4.03.01.00-1,Farmacotecnia,Ciências da Saúde
4.03.02.00-8,Farmacognosia,Ciências da Saúde
4.03.03.00-4,Análise Toxicológica,Ciências da Saúde
4.03.04.00-0,Análise e Controle e Medicamentos,Ciências da Saúde
4.03.05.00-7,Bromatologia,Ciências da Saúde
4.04.00.00-0,Enfermagem,Ciências da Saúde
4.04.01.00-6,Enfermagem Médico-Cirúrgica,Ciências da Saúde
4.04.02.00-2,Enfermagem Obstétrica,Ciências da Saúde
4.04.03.00-9,Enfermagem Pediátrica,Ciências da Saúde
4.04.04.00-5,Enfermagem Psiquiátrica,Ciências da Saúde
4.04.05.00-1,Enfermagem de Doenças Contagiosas,Ciências da Saúde
4.04.06.00-8,Enfermagem de Saúde Pública,Ciências da Saúde
4.05.00.00-4,Nutrição,Ciências da Saúde
4.05.01.00-0,Bioquímica da Nutrição,Ciências da Saúde
4.05.02.00-7,Dietética,Ciências da Saúde
4.05.03.00-3,Análise Nutricional de População,Ciências da Saúde
4.05.04.00-0,Desnutrição e Desenvolvimento Fisiológico,Ciências da Saúde
4.06.00.00-9,Saúde Coletiva,Ciências da Saúde
4.06.01.00-5,Epidemiologia,Ciências da Saúde
4.06.02.00-1,Saúde Publica,Ciências da Saúde
4.06.03.00-8,Medicina Preventiva,Ciências da Saúde
4.07.00.00-3,Fonoaudiologia,Ciências da Saúde
4.08.00.00-8,Fisioterapia e Terapia Ocupacional,Ciências da Saúde
4.09.00.00-2,Educação Física,Ciências da Saúde
5.00.00.00-4,Ciências Agrárias,Ciências Agrárias
5.01.00.00-9,Agronomia,Ciências Agrárias
5.01.01.00-5,Ciência do Solo,Ciências Agrárias
5.01.01.01-3,"Genese, Morfologia e Classificação dos Solos",Ciências Agrárias
5.01.01.02-1,Física do Solo,Ciências Agrárias
5.01.01.03-0,Química do Solo,Ciências Agrárias
5.01.01.04-8,Microbiologia e Bioquímica do Solo,Ciências Agrárias
5.01.01.05-6,Fertilidade do Solo e Adubação,Ciências Agrárias
5.01.01.06-4,Manejo e Conservação do Solo,Ciências Agrárias
5.01.02.00-1,Fitossanidade,Ciências Agrárias
5.01.02.01-0,Fitopatologia,Ciências Agrárias
5.01.02.02-8,Entomologia Agrícola,Ciências Agrárias
5.01.02.03-6,Parasitologia Agrícola,Ciências Agrárias
5.01.02.04-4,Microbiologia Agrícola,Ciências Agrárias
5.01.02.05-2,Defesa Fitossanitária,Ciências Agrárias
5.01.03.00-8,Fitotecnia,Ciências Agrárias
5.01.03.01-6,Manejo e Tratos Culturais,Ciências Agrárias
5.01.03.02-4,Mecanização Agrícola,Ciências Agrárias
5.01.03.03-2,Produção e Beneficiamento de Sementes,Ciências Agrárias
5.01.03.04-0,Produção de Mudas,Ciências Agrárias
5.01.03.05-9,Melhoramento Vegetal,Ciências Agrárias
5.01.03.06-7,Fisiologia de Plantas Cultivadas,Ciências Agrárias
5.01.03.07-5,Matologia,Ciências Agrárias
5.01.04.00-4,"Floricultura, Parques e Jardins",Ciências Agrárias
5.01.04.01-2,Floricultura,Ciências Agrárias
5.01.04.02-0,Parques e Jardins,Ciências Agrárias
5.01.04.03-9,Arborização de Vias Públicas,Ciências Agrárias
5.01.05.00-0,Agrometeorologia,Ciências Agrárias
5.01.06.00-7,Extensão Rural,Ciências Agrárias
5.02.00.00-3,Recursos Florestais e Engenharia Florestal,Ciências Agrárias
5.02.01.00-0,Silvicultura,Ciências Agrárias
5.02.01.01-8,Dendrologia,Ciências Agrárias
5.02.01.02-6,Florestamento e Reflorestamento,Ciências Agrárias
5.02.01.03-4,Genética e Melhoramento Florestal,Ciências Agrárias
5.02.01.04-2,Sementes Florestais,Ciências Agrárias
5.02.01.05-0,Nutrição Florestal,Ciências Agrárias
5.02.01.06-9,Fisiologia Florestal,Ciências Agrárias
5.02.01.07-7,Solos Florestais,Ciências Agrárias
5.02.01.08-5,Proteção Florestal,Ciências Agrárias
5.02.02.00-6,Manejo Florestal,Ciências Agrárias
5.02.02.01-4,Economia Florestal,Ciências Agrárias
5.02.02.02-2,Politica e Legislação Florestal,Ciências Agrárias
5.02.02.03-0,Administração Florestal,Ciências Agrárias
5.02.02.04-9,Dendrometria e Inventário Florestal,Ciências Agrárias
5.02.02.05-7,Fotointerpretação Florestal,Ciências Agrárias
5.02.02.06-5,Ordenamento Florestal,Ciências Agrárias
5.02.03.00-2,Técnicas e Operações Florestais,Ciências Agrárias
5.02.03.01-0,Exploração Florestal,Ciências Agrárias
5.02.03.02-9,Mecanização Florestal,Ciências Agrárias
5.02.04.00-9,Tecnologia e Utilização de Produtos Florestais,Ciências Agrárias
5.02.04.01-7,Anatomia e Identificação de Produtos Florestais,Ciências Agrárias
5.02.04.02-5,Propriedades Físico-Mecânicas da Madeira,Ciências Agrárias
5.02.04.03-3,Relações Água-Madeira e Secagem,Ciências Agrárias
5.02.04.04-1,Tratamento da Madeira,Ciências Agrárias
5.02.04.05-0,Processamento Mecânico da Madeira,Ciências Agrárias
5.02.04.06-8,Química da Madeira,Ciências Agrárias
5.02.04.07-6,Resinas de Madeiras,Ciências Agrárias
5.02.04.08-4,Tecnologia de Celulose e Papel,Ciências Agrárias
5.02.04.09-2,Tecnologia de Chapas,Ciências Agrárias
5.02.05.00-5,Conservação da Natureza,Ciências Agrárias
5.02.05.01-3,Hidrologia Florestal,Ciências Agrárias
5.02.05.02-1,Conservação de Áreas Silvestres,Ciências Agrárias
5.02.05.03-0,Conservação de Bacias Hidrográficas,Ciências Agrárias
5.02.05.04-8,Recuperação de Áreas Degradadas,Ciências Agrárias
5.02.06.00-1,Energia de Biomassa Florestal,Ciências Agrárias
5.03.00.00-8,Engenharia Agrícola,Ciências Agrárias
5.03.01.00-4,Máquinas e Implementos Agrícolas,Ciências Agrárias
5.03.02.00-0,Engenharia de Água e Solo,Ciências Agrárias
5.03.02.01-9,Irrigação e Drenagem,Ciências Agrárias
5.03.02.02-7,Conservação de Solo e Água,Ciências Agrárias
5.03.03.00-7,Engenharia de Processamento de Produtos Agrícolas,Ciências Agrárias
5.03.03.01-5,Pré-Processamento de Produtos Agrícolas,Ciências Agrárias
5.03.03.02-3,Armazenamento de Produtos Agrícolas,Ciências Agrárias
5.03.03.03-1,Transferência de Produtos Agrícolas,Ciências Agrárias
5.03.04.00-3,Construções Rurais e Ambiência,Ciências Agrárias
5.03.04.01-1,Assentamento Rural,Ciências Agrárias
5.03.04.02-0,Engenharia de Construções Rurais,Ciências Agrárias
5.03.04.03-8,Saneamento Rural,Ciências Agrárias
5.03.05.00-0,Energização Rural,Ciências Agrárias
5.04.00.00-2,Zootecnia,Ciências Agrárias
5.04.01.00-9,Ecologia dos Animais Domésticos e Etologia,Ciências Agrárias
5.04.02.00-5,Genética e Melhoramento dos Animais Domésticos,Ciências Agrárias
5.04.03.00-1,Nutrição e Alimentação Animal,Ciências Agrárias
5.04.03.01-0,Exigências Nutricionais dos Animais,Ciências Agrárias
5.04.03.02-8,Avaliação de Alimentos para Animais,Ciências Agrárias
5.04.03.03-6,Conservação de Alimentos para Animais,Ciências Agrárias
5.04.04.00-8,Pastagem e Forragicultura,Ciências Agrárias
5.04.04.01-6,"Avaliação, Produção e Conservação de Forragens",Ciências Agrárias
5.04.04.02-4,Manejo e Conservação de Pastagens,Ciências Agrárias
5.04.04.03-2,Fisiologia de Plantas Forrageiras,Ciências Agrárias
5.04.04.04-0,Melhoramento de Plantas Forrageiras e Produção de Sementes,Ciências Agrárias
5.04.04.05-9,Toxicologia e Plantas Tóxicas,Ciências Agrárias
5.04.05.00-4,Produção Animal,Ciências Agrárias
5.04.05.01-2,Criação de Animais,Ciências Agrárias
5.04.05.02-0,Manejo de Animais,Ciências Agrárias
5.04.05.03-9,Instalações para Produção Animal,Ciências Agrárias
5.05.00.00-7,Medicina Veterinária,Ciências Agrárias
5.05.01.00-3,Clínica e Cirurgia Animal,Ciências Agrárias
5.05.01.01-1,Anestesiologia Animal,Ciências Agrárias
5.05.01.02-0,Técnica Cirúrgica Animal,Ciências Agrárias
5.05.01.03-8,Radiologia de Animais,Ciências Agrárias
5.05.01.04-6,Farmacologia e Terapêutica Animal,Ciências Agrárias
5.05.01.05-4,Obstetrícia Animal,Ciências Agrárias
5.05.01.06-2,Clínica Veterinária,Ciências Agrárias
5.05.01.07-0,Clínica Cirúrgica Animal,Ciências Agrárias
5.05.01.08-9,Toxicologia Animal,Ciências Agrárias
5.05.02.00-0,Medicina Veterinária Preventiva,Ciências Agrárias
5.05.02.01-8,Epidemiologia Animal,Ciências Agrárias
5.05.02.02-6,Saneamento Aplicado à Saúde do Homem,Ciências Agrárias
5.05.02.03-4,Doenças Infecciosas de Animais,Ciências Agrárias
5.05.02.04-2,Doenças Parasitárias de Animais,Ciências Agrárias
5.05.02.05-0,Saúde Animal (Programas Sanitários),Ciências Agrárias
5.05.03.00-6,Patologia Animal,Ciências Agrárias
5.05.03.01-4,Patologia Aviária,Ciências Agrárias
5.05.03.02-2,Anatomia Patologia Animal,Ciências Agrárias
5.05.03.03-0,Patologia Clínica Animal,Ciências Agrárias
5.05.04.00-2,Reprodução Animal,Ciências Agrárias
5.05.04.01-0,Ginecologia e Andrologia Animal,Ciências Agrárias
5.05.04.02-9,Inseminação Artificial Animal,Ciências Agrárias
5.05.04.03-7,Fisiopatologia da Reprodução Animal,Ciências Agrárias
5.05.05.00-9,Inspeção de Produtos de Origem Animal,Ciências Agrárias
5.06.00.00-1,Recursos Pesqueiros e Engenharia de Pesca,Ciências Agrárias
5.06.01.00-8,Recursos Pesqueiros Marinhos,Ciências Agrárias
5.06.01.01-6,Fatores Abióticos do Mar,Ciências Agrárias
5.06.01.02-4,Avaliação de Estoques Pesqueiros Marinhos,Ciências Agrárias
5.06.01.03-2,Exploração Pesqueira Marinha,Ciências Agrárias
5.06.01.04-0,Manejo e Conservação de Recursos Pesqueiros Marinhos,Ciências Agrárias
5.06.02.00-4,Recursos Pesqueiros de Águas Interiores,Ciências Agrárias
5.06.02.01-2,Fatores Abióticos de Águas Interiores,Ciências Agrárias
5.06.02.02-0,Avaliação de Estoques Pesqueiros de Águas Interiores,Ciências Agrárias
5.06.02.03-9,Explotação Pesqueira de Águas Interiores,Ciências Agrárias
5.06.02.04-7,Manejo e Conservação de Recursos Pesqueiros de Águas Interiores,Ciências Agrárias
5.06.03.00-0,Aqüicultura,Ciências Agrárias
5.06.03.01-9,Maricultura,Ciências Agrárias
5.06.03.02-7,Carcinocultura,Ciências Agrárias
5.06.03.03-5,Ostreicultura,Ciências Agrárias
5.06.03.04-3,Piscicultura,Ciências Agrárias
5.06.04.00-7,Engenharia de Pesca,Ciências Agrárias
5.07.00.00-6,Ciência e Tecnologia de Alimentos,Ciências Agrárias
5.07.01.00-2,Ciência de Alimentos,Ciências Agrárias
5.07.01.01-0,Valor Nutritivo de Alimentos,Ciências Agrárias
5.07.01.02-9,"Química, Física, Físico-Química e Bioquímica dos Alim. e das Mat.-Primas Alimentares",Ciências Agrárias
5.07.01.03-7,Microbiologia de Alimentos,Ciências Agrárias
5.07.01.04-5,Fisiologia Pós-Colheita,Ciências Agrárias
5.07.01.05-3,Toxicidade e Resíduos de Pesticidas em Alimentos,Ciências Agrárias
5.07.01.06-1,Avaliação e Controle de Qualidade de Alimentos,Ciências Agrárias
5.07.01.07-0,"Padrões, Legislação e Fiscalização de Alimentos",Ciências Agrárias
5.07.02.00-9,Tecnologia de Alimentos,Ciências Agrárias
5.07.02.01-7,Tecnologia de Produtos de Origem Animal,Ciências Agrárias
5.07.02.02-5,Tecnologia de Produtos de Origem Vegetal,Ciências Agrárias
5.07.02.03-3,Tecnologia das Bebidas,Ciências Agrárias
5.07.02.04-1,Tecnologia de Alimentos Dietéticos e Nutricionais,Ciências Agrárias
5.07.02.05-0,Aproveitamento de Subprodutos,Ciências Agrárias
5.07.02.06-8,Embalagens de Produtos Alimentares,Ciências Agrárias
5.07.03.00-5,Engenharia de Alimentos,Ciências Agrárias
5.07.03.01-3,Instalações Industriais de Produção de Alimentos,Ciências Agrárias
5.07.03.02-1,Armazenamento de Alimentos,Ciências Agrárias
6.00.00.00-7,Ciências Sociais Aplicadas,Ciências Sociais Aplicadas
6.01.00.00-1,Direito,Ciências Sociais Aplicadas
6.01.01.00-8,Teoria do Direito,Ciências Sociais Aplicadas
6.01.01.01-6,Teoria Geral do Direito,Ciências Sociais Aplicadas
6.01.01.02-4,Teoria Geral do Processo,Ciências Sociais Aplicadas
6.01.01.03-2,Teoria do Estado,Ciências Sociais Aplicadas
6.01.01.04-0,História do Direito,Ciências Sociais Aplicadas
6.01.01.05-9,Filosofia do Direito,Ciências Sociais Aplicadas
6.01.01.06-7,Lógica Jurídica,Ciências Sociais Aplicadas
6.01.01.07-5,Sociologia Jurídica,Ciências Sociais Aplicadas
6.01.01.08-3,Antropologia Jurídica,Ciências Sociais Aplicadas
6.01.02.00-4,Direito Público,Ciências Sociais Aplicadas
6.01.02.01-2,Direito Tributário,Ciências Sociais Aplicadas
6.01.02.02-0,Direito Penal,Ciências Sociais Aplicadas
6.01.02.03-9,Direito Processual Penal,Ciências Sociais Aplicadas
6.01.02.04-7,Direito Processual Civil,Ciências Sociais Aplicadas
6.01.02.05-5,Direito Constitucional,Ciências Sociais Aplicadas
6.01.02.06-3,Direito Administrativo,Ciências Sociais Aplicadas
6.01.02.07-1,Direito Internacional Público,Ciências Sociais Aplicadas
6.01.03.00-0,Direito Privado,Ciências Sociais Aplicadas
6.01.03.01-9,Direito Civil,Ciências Sociais Aplicadas
6.01.03.02-7,Direito Comercial,Ciências Sociais Aplicadas
6.01.03.03-5,Direito do Trabalho,Ciências Sociais Aplicadas
6.01.03.04-3,Direito Internacional Privado,Ciências Sociais Aplicadas
6.01.04.00-7,Direitos Especiais,Ciências Sociais Aplicadas
6.02.00.00-6,Administração,Ciências Sociais Aplicadas
6.02.01.00-2,Administração de Empresas,Ciências Sociais Aplicadas
6.02.01.01-0,Administração da Produção,Ciências Sociais Aplicadas
6.02.01.02-9,Administração Financeira,Ciências Sociais Aplicadas
6.02.01.03-7,Mercadologia,Ciências Sociais Aplicadas
6.02.01.04-5,Negócios Internacionais,Ciências Sociais Aplicadas
6.02.01.05-3,Administração de Recursos Humanos,Ciências Sociais Aplicadas
6.02.02.00-9,Administração Pública,Ciências Sociais Aplicadas
6.02.02.01-7,Contabilidade e Financas Públicas,Ciências Sociais Aplicadas
6.02.02.02-5,Organizações Públicas,Ciências Sociais Aplicadas
6.02.02.03-3,Política e Planejamento Governamentais,Ciências Sociais Aplicadas
6.02.02.04-1,Administração de Pessoal,Ciências Sociais Aplicadas
6.02.03.00-5,Administração de Setores Específicos,Ciências Sociais Aplicadas
6.02.04.00-1,Ciências Contábeis,Ciências Sociais Aplicadas
6.03.00.00-0,Economia,Ciências Sociais Aplicadas
6.03.01.00-7,Teoria Econômica,Ciências Sociais Aplicadas
6.03.01.01-5,Economia Geral,Ciências Sociais Aplicadas
6.03.01.02-3,Teoria Geral da Economia,Ciências Sociais Aplicadas
6.03.01.03-1,História do Pensamento Econômico,Ciências Sociais Aplicadas
6.03.01.04-0,História Econômica,Ciências Sociais Aplicadas
6.03.01.05-8,Sistemas Econômicos,Ciências Sociais Aplicadas
6.03.02.00-3,Métodos Quantitativos em Economia,Ciências Sociais Aplicadas
6.03.02.01-1,"Métodos e Modelos Matemáticos, Econométricos e Estatísticos",Ciências Sociais Aplicadas
6.03.02.02-0,Estatística Sócio-Econômica,Ciências Sociais Aplicadas
6.03.02.03-8,Contabilidade Nacional,Ciências Sociais Aplicadas
6.03.02.04-6,Economia Matemática,Ciências Sociais Aplicadas
6.03.03.00-0,Economia Monetária e Fiscal,Ciências Sociais Aplicadas
6.03.03.01-8,Teoria Monetária e Financeira,Ciências Sociais Aplicadas
6.03.03.02-6,Instituições Monetárias e Financeiras do Brasil,Ciências Sociais Aplicadas
6.03.03.03-4,Financas Públicas Internas,Ciências Sociais Aplicadas
6.03.03.04-2,Política Fiscal do Brasil,Ciências Sociais Aplicadas
6.03.04.00-6,"Crescimento, Flutuações e Planejamento Econômico",Ciências Sociais Aplicadas
6.03.04.01-4,Crescimento e Desenvolvimento Econômico,Ciências Sociais Aplicadas
6.03.04.02-2,Teoria e Política de Planejamento Econômico,Ciências Sociais Aplicadas
6.03.04.03-0,Flutuações Cíclicas e Projeções Econômicas,Ciências Sociais Aplicadas
6.03.04.04-9,Inflação,Ciências Sociais Aplicadas
6.03.05.00-2,Economia Internacional,Ciências Sociais Aplicadas
6.03.05.01-0,Teoria do Comércio Internacional,Ciências Sociais Aplicadas
6.03.05.02-9,Relações do Comércio; Política Comercial; Integração Econômica,Ciências Sociais Aplicadas
6.03.05.03-7,Balanço de Pagamentos; Financas Internacionais,Ciências Sociais Aplicadas
6.03.05.04-5,Investimentos Internacionais e Ajuda Externa,Ciências Sociais Aplicadas
6.03.06.00-9,Economia dos Recursos Humanos,Ciências Sociais Aplicadas
6.03.06.01-7,Treinamento e Alocação de Mão-de-Obra; Oferta de Mão-de-Obra e Força de Trabalho,Ciências Sociais Aplicadas
6.03.06.02-5,Mercado de Trabalho; Política do Governo,Ciências Sociais Aplicadas
6.03.06.03-3,"Sindicatos, Dissídios Coletivos, Relações de Emprego (Empregador/Empregado)",Ciências Sociais Aplicadas
6.03.06.04-1,Capital Humano,Ciências Sociais Aplicadas
6.03.06.05-0,Demografia Econômica,Ciências Sociais Aplicadas
6.03.07.00-5,Economia Industrial,Ciências Sociais Aplicadas
6.03.07.01-3,Organização Industrial e Estudos Industriais,Ciências Sociais Aplicadas
6.03.07.02-1,Mudança Tecnologica,Ciências Sociais Aplicadas
6.03.08.00-1,Economia do Bem-Estar Social,Ciências Sociais Aplicadas
6.03.08.01-0,Economia dos Programas de Bem-Estar Social,Ciências Sociais Aplicadas
6.03.08.02-8,Economia do Consumidor,Ciências Sociais Aplicadas
6.03.09.00-8,Economia Regional e Urbana,Ciências Sociais Aplicadas
6.03.09.01-6,Economia Regional,Ciências Sociais Aplicadas
6.03.09.02-4,Economia Urbana,Ciências Sociais Aplicadas
6.03.09.03-2,Renda e Tributação,Ciências Sociais Aplicadas
6.03.10.00-6,Economias Agrária e dos Recursos Naturais,Ciências Sociais Aplicadas
6.03.10.01-4,Economia Agrária,Ciências Sociais Aplicadas
6.03.10.02-2,Economia dos Recursos Naturais,Ciências Sociais Aplicadas
6.04.00.00-5,Arquitetura e Urbanismo,Ciências Sociais Aplicadas
6.04.01.00-1,Fundamentos de Arquitetura e Urbanismo,Ciências Sociais Aplicadas
6.04.01.01-0,História da Arquitetura e Urbanismo,Ciências Sociais Aplicadas
6.04.01.02-8,Teoria da Arquitetura,Ciências Sociais Aplicadas
6.04.01.03-6,História do Urbanismo,Ciências Sociais Aplicadas
6.04.01.04-4,Teoria do Urbanismo,Ciências Sociais Aplicadas
6.04.02.00-8,Projeto de Arquitetuta e Urbanismo,Ciências Sociais Aplicadas
6.04.02.01-6,Planejamento e Projetos da Edificação,Ciências Sociais Aplicadas
6.04.02.02-4,Planejamento e Projeto do Espaço Urbano,Ciências Sociais Aplicadas
6.04.02.03-2,Planejamento e Projeto do Equipamento,Ciências Sociais Aplicadas
6.04.03.00-4,Tecnologia de Arquitetura e Urbanismo,Ciências Sociais Aplicadas
6.04.03.01-2,Adequação Ambiental,Ciências Sociais Aplicadas
6.04.04.00-0,Paisagismo,Ciências Sociais Aplicadas
6.04.04.01-9,Desenvolvimento Histórico do Paisagismo,Ciências Sociais Aplicadas
6.04.04.02-7,Conceituação de Paisagismo e Metodologia do Paisagismo,Ciências Sociais Aplicadas
6.04.04.03-5,Estudos de Organização do Espaço Exterior,Ciências Sociais Aplicadas
6.04.04.04-3,Projetos de Espaços Livres Urbanos,Ciências Sociais Aplicadas
6.05.00.00-0,Planejamento Urbano e Regional,Ciências Sociais Aplicadas
6.05.01.00-6,Fundamentos do Planejamento Urbano e Regional,Ciências Sociais Aplicadas
6.05.01.01-4,Teoria do Planejamento Urbano e Regional,Ciências Sociais Aplicadas
6.05.01.02-2,Teoria da Urbanização,Ciências Sociais Aplicadas
6.05.01.03-0,Política Urbana,Ciências Sociais Aplicadas
6.05.01.04-9,História Urbana,Ciências Sociais Aplicadas
6.05.02.00-2,Métodos e Técnicas do Planejamento Urbano e Regional,Ciências Sociais Aplicadas
6.05.02.01-0,"Informação, Cadastro e Mapeamento",Ciências Sociais Aplicadas
6.05.02.02-9,Técnica de Previsão Urbana e Regional,Ciências Sociais Aplicadas
6.05.02.03-7,Técnicas de Análise e Avaliação Urbana e Regional,Ciências Sociais Aplicadas
6.05.02.04-5,Técnicas de Planejamento e Projeto Urbanos e Regionais,Ciências Sociais Aplicadas
6.05.03.00-9,Serviços Urbanos e Regionais,Ciências Sociais Aplicadas
6.05.03.01-7,Administração Municipal e Urbana,Ciências Sociais Aplicadas
6.05.03.02-5,Estudos da Habitação,Ciências Sociais Aplicadas
6.05.03.03-3,Aspectos Sociais do Planejamento Urbano e Regional,Ciências Sociais Aplicadas
6.05.03.04-1,Aspectos Econômicos do Planejamento Urbano e Regional,Ciências Sociais Aplicadas
6.05.03.05-0,Aspectos Físico-Ambientais do Planejamento Urbano e Regional,Ciências Sociais Aplicadas
6.05.03.06-8,Serviços Comunitários,Ciências Sociais Aplicadas
6.05.03.07-6,Infra-Estruturas Urbanas e Regionais,Ciências Sociais Aplicadas
6.05.03.08-4,Transporte e Tráfego Urbano e Regional,Ciências Sociais Aplicadas
6.05.03.09-2,Legislação Urbana e Regional,Ciências Sociais Aplicadas
6.06.00.00-4,Demografia,Ciências Sociais Aplicadas
6.06.01.00-0,Distribuição Espacial,Ciências Sociais Aplicadas
6.06.01.01-9,Distribuição Espacial Geral,Ciências Sociais Aplicadas
6.06.01.02-7,Distribuição Espacial Urbana,Ciências Sociais Aplicadas
6.06.01.03-5,Distribuição Espacial Rural,Ciências Sociais Aplicadas
6.06.02.00-7,Tendência Populacional,Ciências Sociais Aplicadas
6.06.02.01-5,Tendências Passadas,Ciências Sociais Aplicadas
6.06.02.02-3,Taxas e Estimativas Correntes,Ciências Sociais Aplicadas
6.06.02.03-1,Projeções,Ciências Sociais Aplicadas
6.06.03.00-3,Componentes da Dinâmica Demográfica,Ciências Sociais Aplicadas
6.06.03.01-1,Fecundidade,Ciências Sociais Aplicadas
6.06.03.02-0,Mortalidade,Ciências Sociais Aplicadas
6.06.03.03-8,Migração,Ciências Sociais Aplicadas
6.06.04.00-0,Nupcialidade e Família,Ciências Sociais Aplicadas
6.06.04.01-8,Casamento e Divórcio,Ciências Sociais Aplicadas
6.06.04.02-6,Família e Reprodução,Ciências Sociais Aplicadas
6.06.05.00-6,Demografia Histórica,Ciências Sociais Aplicadas
6.06.05.01-4,Distribuição Espacial,Ciências Sociais Aplicadas
6.06.05.02-2,"Natalidade, Mortalidade, Migração",Ciências Sociais Aplicadas
6.06.05.03-0,Nupcialidade e Família,Ciências Sociais Aplicadas
6.06.05.04-9,Métodos e Técnicas de Demografia Histórica,Ciências Sociais Aplicadas
6.06.06.00-2,Política Pública e População,Ciências Sociais Aplicadas
6.06.06.01-0,Política Populacional,Ciências Sociais Aplicadas
6.06.06.02-9,Políticas de Redistribuição de População,Ciências Sociais Aplicadas
6.06.06.03-7,Políticas de Planejamento Familiar,Ciências Sociais Aplicadas
6.06.07.00-9,Fontes de Dados Demográficos,Ciências Sociais Aplicadas
6.07.00.00-9,Ciência da Informação,Ciências Sociais Aplicadas
6.07.01.00-5,Teoria da Informação,Ciências Sociais Aplicadas
6.07.01.01-3,Teoria Geral da Informação,Ciências Sociais Aplicadas
6.07.01.02-1,Processos da Comunicação,Ciências Sociais Aplicadas
6.07.01.03-0,Representação da Informação,Ciências Sociais Aplicadas
6.07.02.00-1,Biblioteconomia,Ciências Sociais Aplicadas
6.07.02.01-0,Teoria da Classificação,Ciências Sociais Aplicadas
6.07.02.02-8,Métodos Quantitativos. Bibliometria,Ciências Sociais Aplicadas
6.07.02.03-6,Técnicas de Recuperação de Informação,Ciências Sociais Aplicadas
6.07.02.04-4,Processos de Disseminação da Informação,Ciências Sociais Aplicadas
6.07.03.00-8,Arquivologia,Ciências Sociais Aplicadas
6.07.03.01-6,Organização de Arquivos,Ciências Sociais Aplicadas
6.08.00.00-3,Museologia,Ciências Sociais Aplicadas
6.09.00.00-8,Comunicação,Ciências Sociais Aplicadas
6.09.01.00-4,Teoria da Comunicação,Ciências Sociais Aplicadas
6.09.02.00-0,Jornalismo e Editoração,Ciências Sociais Aplicadas
6.09.02.01-9,Teoria e Ética do Jornalismo,Ciências Sociais Aplicadas
6.09.02.02-7,Organização Editorial de Jornais,Ciências Sociais Aplicadas
6.09.02.03-5,Organização Comercial de Jornais,Ciências Sociais Aplicadas
6.09.02.04-3,"Jornalismo Especializado (Comunitário, Rural, Empresarial, Científico)",Ciências Sociais Aplicadas
6.09.03.00-7,Rádio e Televisão,Ciências Sociais Aplicadas
6.09.03.01-5,Radiodifusão,Ciências Sociais Aplicadas
6.09.03.02-3,Videodifusão,Ciências Sociais Aplicadas
6.09.04.00-3,Relações Públicas e Propaganda,Ciências Sociais Aplicadas
6.09.05.00-0,Comunicação Visual,Ciências Sociais Aplicadas
6.10.00.00-0,Serviço Social,Ciências Sociais Aplicadas
6.10.01.00-7,Fundamentos do Serviço Social,Ciências Sociais Aplicadas
6.10.02.00-3,Serviço Social Aplicado,Ciências Sociais Aplicadas
6.10.02.01-1,Serviço Social do Trabalho,Ciências Sociais Aplicadas
6.10.02.02-0,Serviço Social da Educação,Ciências Sociais Aplicadas
6.10.02.03-8,Serviço Social do Menor,Ciências Sociais Aplicadas
6.10.02.04-6,Serviço Social da Saúde,Ciências Sociais Aplicadas
6.10.02.05-4,Serviço Social da Habitação,Ciências Sociais Aplicadas
6.11.00.00-5,Economia Doméstica,Ciências Sociais Aplicadas
6.12.00.00-0,Desenho Industrial,Ciências Sociais Aplicadas
6.12.01.00-6,Programação Visual,Ciências Sociais Aplicadas
6.12.02.00-2,Desenho de Produto,Ciências Sociais Aplicadas
6.13.00.00-4,Turismo,Ciências Sociais Aplicadas
7.00.00.00-0,Ciências Humanas,Ciências Humanas
7.01.00.00-4,Filosofia,Ciências Humanas
7.01.01.00-0,História da Filosofia,Ciências Humanas
7.01.02.00-7,Metafísica,Ciências Humanas
7.01.03.00-3,Lógica,Ciências Humanas
7.01.04.00-0,Ética,Ciências Humanas
7.01.05.00-6,Epistemologia,Ciências Humanas
7.01.06.00-2,Filosofia Brasileira,Ciências Humanas
7.02.00.00-9,Sociologia,Ciências Humanas
7.02.01.00-5,Fundamentos da Sociologia,Ciências Humanas
7.02.01.01-3,Teoria Sociológica,Ciências Humanas
7.02.01.02-1,História da Sociologia,Ciências Humanas
7.02.02.00-1,Sociologia do Conhecimento,Ciências Humanas
7.02.03.00-8,Sociologia do Desenvolvimento,Ciências Humanas
7.02.04.00-4,Sociologia Urbana,Ciências Humanas
7.02.05.00-0,Sociologia Rural,Ciências Humanas
7.02.06.00-7,Sociologia da Saúde,Ciências Humanas
7.02.07.00-3,Outras Sociologias Específicas,Ciências Humanas
7.03.00.00-3,Antropologia,Ciências Humanas
7.03.01.00-0,Teoria Antropológica,Ciências Humanas
7.03.02.00-6,Etnologia Indígena,Ciências Humanas
7.03.03.00-2,Antropologia Urbana,Ciências Humanas
7.03.04.00-9,Antropologia Rural,Ciências Humanas
7.03.05.00-5,Antropologia das Populações Afro-Brasileiras,Ciências Humanas
7.04.00.00-8,Arqueologia,Ciências Humanas
7.04.01.00-4,Teoria e Método em Arqueologia,Ciências Humanas
7.04.02.00-0,Arqueologia Pré-Histórica,Ciências Humanas
7.04.03.00-7,Arqueologia Histórica,Ciências Humanas
7.05.00.00-2,História,Ciências Humanas
7.05.01.00-9,Teoria e Filosofia da História,Ciências Humanas
7.05.02.00-5,História Antiga e Medieval,Ciências Humanas
7.05.03.00-1,História Moderna e Contemporânea,Ciências Humanas
7.05.04.00-8,História da América,Ciências Humanas
7.05.04.01-6,História dos Estados Unidos,Ciências Humanas
7.05.04.02-4,História Latino-Americana,Ciências Humanas
7.05.05.00-4,História do Brasil,Ciências Humanas
7.05.05.01-2,História do Brasil Colônia,Ciências Humanas
7.05.05.02-0,História do Brasil Império,Ciências Humanas
7.05.05.03-9,História do Brasil República,Ciências Humanas
7.05.05.04-7,História Regional do Brasil,Ciências Humanas
7.05.06.00-0,História das Ciências,Ciências Humanas
7.06.00.00-7,Geografia,Ciências Humanas
7.06.01.00-3,Geografia Humana,Ciências Humanas
7.06.01.01-1,Geografia da População,Ciências Humanas
7.06.01.02-0,Geografia Agrária,Ciências Humanas
7.06.01.03-8,Geografia Urbana,Ciências Humanas
7.06.01.04-6,Geografia Econômica,Ciências Humanas
7.06.01.05-4,Geografia Política,Ciências Humanas
7.06.02.00-0,Geografia Regional,Ciências Humanas
7.06.02.01-8,Teoria do Desenvolvimento Regional,Ciências Humanas
7.06.02.02-6,Regionalização,Ciências Humanas
7.06.02.03-4,Análise Regional,Ciências Humanas
7.07.00.00-1,Psicologia,Ciências Humanas
7.07.01.00-8,Fundamentos e Medidas da Psicologia,Ciências Humanas
7.07.01.01-6,"História, Teorias e Sistemas em Psicologia",Ciências Humanas
7.07.01.02-4,"Metodologia, Instrumentação e Equipamento em Psicologia",Ciências Humanas
7.07.01.03-2,"Construção e Validade de Testes, Escalas e Outras Medidas Psicológicas",Ciências Humanas
7.07.01.04-0,"Técnicas de Processamento Estatístico, Matemático e Computacional em Psicologia",Ciências Humanas
7.07.02.00-4,Psicologia Experimental,Ciências Humanas
7.07.02.01-2,Processos Perceptuais e Motores,Ciências Humanas
7.07.02.02-0,"Processos de Aprendizagem, Memória e Motivação",Ciências Humanas
7.07.02.03-9,Processos Cognitivos e Atencionais,Ciências Humanas
7.07.02.04-7,Estados Subjetivos e Emoção,Ciências Humanas
7.07.03.00-0,Psicologia Fisiológica,Ciências Humanas
7.07.03.01-9,"Neurologia, Eletrofisiologia e Comportamento",Ciências Humanas
7.07.03.02-7,Processos Psico-Fisiológicos,Ciências Humanas
7.07.03.03-5,Estimulação Elétrica e com Drogas; Comportamento,Ciências Humanas
7.07.03.04-3,Psicobiologia,Ciências Humanas
7.07.04.00-7,Psicologia Comparativa,Ciências Humanas
7.07.04.01-5,Estudos Naturalísticos do Comportamento Animal,Ciências Humanas
7.07.04.02-3,Mecanismos Instintivos e Processos Sociais em Animais,Ciências Humanas
7.07.05.00-3,Psicologia Social,Ciências Humanas
7.07.05.01-1,Relações Interpessoais,Ciências Humanas
7.07.05.02-0,Processos Grupais e de Comunicação,Ciências Humanas
7.07.05.03-8,Papéis e Estruturas Sociais; Indivíduo,Ciências Humanas
7.07.06.00-0,Psicologia Cognitiva,Ciências Humanas
7.07.07.00-6,Psicologia do Desenvolvimento Humano,Ciências Humanas
7.07.07.01-4,Processos Perceptuais e Cognitivos; Desenvolvimento,Ciências Humanas
7.07.07.02-2,Desenvolvimento Social e da Personalidade,Ciências Humanas
7.07.08.00-2,Psicologia do Ensino e da Aprendizagem,Ciências Humanas
7.07.08.01-0,Planejamento Institucional,Ciências Humanas
7.07.08.02-9,Programação de Condições de Ensino,Ciências Humanas
7.07.08.03-7,Treinamento de Pessoal,Ciências Humanas
7.07.08.04-5,Aprendizagem e Desempenho Acadêmicos,Ciências Humanas
7.07.08.05-3,Ensino e Aprendizagem na Sala de Aula,Ciências Humanas
7.07.09.00-9,Psicologia do Trabalho e Organizacional,Ciências Humanas
7.07.09.01-7,Análise Institucional,Ciências Humanas
7.07.09.02-5,Recrutamento e Seleção de Pessoal,Ciências Humanas
7.07.09.03-3,Treinamento e Avaliação,Ciências Humanas
7.07.09.04-1,Fatores Humanos no Trabalho,Ciências Humanas
7.07.09.05-0,Planejamento Ambiental e Comportamento Humano,Ciências Humanas
7.07.10.00-7,Tratamento e Prevenção Psicológica,Ciências Humanas
7.07.10.01-5,Intervenção Terapêutica,Ciências Humanas
7.07.10.02-3,Programas de Atendimento Comunitário,Ciências Humanas
7.07.10.03-1,Treinamento e Reabilitação,Ciências Humanas
7.07.10.04-0,Desvios da Conduta,Ciências Humanas
7.07.10.05-8,Distúrbios da Linguagem,Ciências Humanas
7.07.10.06-6,Distúrbios Psicossomáticos,Ciências Humanas
7.08.00.00-6,Educação,Ciências Humanas
7.08.01.00-2,Fundamentos da Educação,Ciências Humanas
7.08.01.01-0,Filosofia da Educação,Ciências Humanas
7.08.01.02-9,História da Educação,Ciências Humanas
7.08.01.03-7,Sociologia da Educação,Ciências Humanas
7.08.01.04-5,Antropologia Educacional,Ciências Humanas
7.08.01.05-3,Economia da Educação,Ciências Humanas
7.08.01.06-1,Psicologia Educacional,Ciências Humanas
7.08.02.00-9,Administração Educacional,Ciências Humanas
7.08.02.01-7,Administração de Sistemas Educacionais,Ciências Humanas
7.08.02.02-5,Administração de Unidades Educativas,Ciências Humanas
7.08.03.00-5,Planejamento e Avaliação Educacional,Ciências Humanas
7.08.03.01-3,Política Educacional,Ciências Humanas
7.08.03.02-1,Planejamento Educacional,Ciências Humanas
7.08.03.03-0,"Avaliação de Sistemas, Instituições, Planos e Programas Educacionais",Ciências Humanas
7.08.04.00-1,Ensino-Aprendizagem,Ciências Humanas
7.08.04.01-0,Teorias da Instrução,Ciências Humanas
7.08.04.02-8,Métodos e Técnicas de Ensino,Ciências Humanas
7.08.04.03-6,Tecnologia Educacional,Ciências Humanas
7.08.04.04-4,Avaliação da Aprendizagem,Ciências Humanas
7.08.05.00-8,Currículo,Ciências Humanas
7.08.05.01-6,Teoria Geral de Planejamento e Desenvolvimento Curricular,Ciências Humanas
7.08.05.02-4,Currículos Específicos para Níveis e Tipos de Educação,Ciências Humanas
7.08.06.00-4,Orientação e Aconselhamento,Ciências Humanas
7.08.06.01-2,Orientação Educacional,Ciências Humanas
7.08.06.02-0,Orientação Vocacional,Ciências Humanas
7.08.07.00-0,Tópicos Específicos de Educação,Ciências Humanas
7.08.07.01-9,Educação de Adultos,Ciências Humanas
7.08.07.02-7,Educação Permanente,Ciências Humanas
7.08.07.03-5,Educação Rural,Ciências Humanas
7.08.07.04-3,Educação em Periferias Urbanas,Ciências Humanas
7.08.07.05-1,Educação Especial,Ciências Humanas
7.08.07.06-0,Educação Pré-Escolar,Ciências Humanas
7.08.07.07-8,Ensino Profissionalizante,Ciências Humanas
7.09.00.00-0,Ciência Política,Ciências Humanas
7.09.01.00-7,Teoria Política,Ciências Humanas
7.09.01.01-5,Teoria Política Clássica,Ciências Humanas
7.09.01.02-3,Teoria Política Medieval,Ciências Humanas
7.09.01.03-1,Teoria Política Moderna,Ciências Humanas
7.09.01.04-0,Teoria Política Contemporânea,Ciências Humanas
7.09.02.00-3,Estado e Governo,Ciências Humanas
7.09.02.01-1,Estrutura e Transformação do Estado,Ciências Humanas
7.09.02.02-0,Sistemas Governamentais Comparados,Ciências Humanas
7.09.02.03-8,Relações Intergovernamentais,Ciências Humanas
7.09.02.04-6,Estudos do Poder Local,Ciências Humanas
7.09.02.05-4,Instituições Governamentais Específicas,Ciências Humanas
7.09.03.00-0,Comportamento Político,Ciências Humanas
7.09.03.01-8,Estudos Eleitorais e Partidos Políticos,Ciências Humanas
7.09.03.02-6,Atitude e Ideologias Políticas,Ciências Humanas
7.09.03.03-4,Conflitos e Coalizões Políticas,Ciências Humanas
7.09.03.04-2,Comportamento Legislativo,Ciências Humanas
7.09.03.05-0,Classes Sociais e Grupos de Interesse,Ciências Humanas
7.09.04.00-6,Políticas Públicas,Ciências Humanas
7.09.04.01-4,Análise do Processo Decisório,Ciências Humanas
7.09.04.02-2,Análise Institucional,Ciências Humanas
7.09.04.03-0,Técnicas de Antecipação,Ciências Humanas
7.09.05.00-2,Política Internacional,Ciências Humanas
7.09.05.01-0,Política Externa do Brasil,Ciências Humanas
7.09.05.02-9,Organizações Internacionais,Ciências Humanas
7.09.05.03-7,"Integração Internacional, Conflito, Guerra e Paz",Ciências Humanas
7.09.05.04-5,"Relações Internacionais, Bilaterais e Multilaterais",Ciências Humanas
7.10.00.00-3,Teologia,Ciências Humanas
7.10.01.00-0,História da Teologia,Ciências Humanas
7.10.02.00-6,Teologia Moral,Ciências Humanas
7.10.03.00-2,Teologia Sistemática,Ciências Humanas
7.10.04.00-9,Teologia Pastoral,Ciências Humanas
8.00.00.00-2,"Lingüística, Letras e Artes","Lingüística, Letras e Artes"
8.01.00.00-7,Lingüística,"Lingüística, Letras e Artes"
8.01.01.00-3,Teoria e Análise Lingüística,"Lingüística, Letras e Artes"
8.01.02.00-0,Fisiologia da Linguagem,"Lingüística, Letras e Artes"
8.01.03.00-6,Lingüística Histórica,"Lingüística, Letras e Artes"
8.01.04.00-2,Sociolingüística e Dialetologia,"Lingüística, Letras e Artes"
8.01.05.00-9,Psicolingüística,"Lingüística, Letras e Artes"
8.01.06.00-5,Lingüística Aplicada,"Lingüística, Letras e Artes"
8.02.00.00-1,Letras,"Lingüística, Letras e Artes"
8.02.01.00-8,Língua Portuguesa,"Lingüística, Letras e Artes"
8.02.02.00-4,Línguas Estrangeiras Modernas,"Lingüística, Letras e Artes"
8.02.03.00-0,Línguas Clássicas,"Lingüística, Letras e Artes"
8.02.04.00-7,Línguas Indígenas,"Lingüística, Letras e Artes"
8.02.05.00-3,Teoria Literária,"Lingüística, Letras e Artes"
8.02.06.00-0,Literatura Brasileira,"Lingüística, Letras e Artes"
8.02.07.00-6,Outras Literaturas Vernáculas,"Lingüística, Letras e Artes"
8.02.08.00-2,Literaturas Estrangeiras Modernas,"Lingüística, Letras e Artes"
8.02.09.00-9,Literaturas Clássicas,"Lingüística, Letras e Artes"
8.02.10.00-7,Literatura Comparada,"Lingüística, Letras e Artes"
8.03.00.00-6,Artes,"Lingüística, Letras e Artes"
8.03.01.00-2,Fundamentos e Crítica das Artes,"Lingüística, Letras e Artes"
8.03.01.01-0,Teoria da Arte,"Lingüística, Letras e Artes"
8.03.01.02-9,História da Arte,"Lingüística, Letras e Artes"
8.03.01.03-7,Crítica da Arte,"Lingüística, Letras e Artes"
8.03.02.00-9,Artes Plásticas,"Lingüística, Letras e Artes"
8.03.02.01-7,Pintura,"Lingüística, Letras e Artes"
8.03.02.02-5,Desenho,"Lingüística, Letras e Artes"
8.03.02.03-3,Gravura,"Lingüística, Letras e Artes"
8.03.02.04-1,Escultura,"Lingüística, Letras e Artes"
8.03.02.05-0,Cerâmica,"Lingüística, Letras e Artes"
8.03.02.06-8,Tecelagem,"Lingüística, Letras e Artes"
8.03.03.00-5,Música,"Lingüística, Letras e Artes"
8.03.03.01-3,Regência,"Lingüística, Letras e Artes"
8.03.03.02-1,Instrumentação Musical,"Lingüística, Letras e Artes"
8.03.03.03-0,Composição Musical,"Lingüística, Letras e Artes"
8.03.03.04-8,Canto,"Lingüística, Letras e Artes"
8.03.04.00-1,Dança,"Lingüística, Letras e Artes"
8.03.04.01-0,Execução da Dança,"Lingüística, Letras e Artes"
8.03.04.02-8,Coreografia,"Lingüística, Letras e Artes"
8.03.05.00-8,Teatro,"Lingüística, Letras e Artes"
8.03.05.01-6,Dramaturgia,"Lingüística, Letras e Artes"
8.03.05.02-4,Direção Teatral,"Lingüística, Letras e Artes"
8.03.05.03-2,Cenografia,"Lingüística, Letras e Artes"
8.03.05.04-0,Interpretação Teatral,"Lingüística, Letras e Artes"
8.03.06.00-4,Ópera,"Lingüística, Letras e Artes"
8.03.07.00-0,Fotografia,"Lingüística, Letras e Artes"
8.03.08.00-7,Cinema,"Lingüística, Letras e Artes"
8.03.08.01-5,Administração e Produção de Filmes,"Lingüística, Letras e Artes"
8.03.08.02-3,Roteiro e Direção Cinematográficos,"Lingüística, Letras e Artes"
8.03.08.03-1,Técnicas de Registro e Processamento de Filmes,"Lingüística, Letras e Artes"
8.03.08.04-0,Interpretação Cinematográfica,"Lingüística, Letras e Artes"
8.03.09.00-3,Artes do Vídeo,"Lingüística, Letras e Artes"
8.03.10.00-1,Educação Artística,"Lingüística, Letras e Artes"
9.00.00.00-5,Outros,Outros
9.01.00.00-0,Administração Hospitalar,Outros
9.02.00.00-4,Administração Rural,Outros
9.03.00.00-9,Carreira Militar,Outros
9.04.00.00-3,Carreira Religiosa,Outros
9.05.00.00-8,Ciências,Outros
9.06.00.00-2,Biomedicina,Outros
9.07.00.00-7,Ciências Atuariais,Outros
9.08.00.00-1,Ciências Sociais,Outros
9.09.00.00-6,Decoração,Outros
9.10.00.00-9,Desenho de Moda,Outros
9.11.00.00-3,Desenho de Projetos,Outros
9.12.00.00-8,Diplomacia,Outros
9.13.00.00-2,Engenharia de Agrimensura,Outros
9.14.00.00-7,Engenharia Cartográfica,Outros
9.15.00.00-1,Engenharia de Armamentos,Outros
9.16.00.00-6,Engenharia Mecatrônica,Outros
9.17.00.00-0,Engenharia Têxtil,Outros
9.18.00.00-5,Estudos Sociais,Outros
9.19.00.00-0,História Natural,Outros
9.20.00.00-2,Química Industrial,Outros
9.21.00.00-7,Relações Internacionais,Outros
9.22.00.00-1,Relações Publicas,Outros
9.23.00.00-6,Secretariado Executivo,Outros
